timestamp,system,M,size,build_ef,graph,k,search_ef,recall,qps_t,hop,dist,thread
2024-08-01 17:20:22.202,hnsw_pickle,32,1M,100,bigann,1,1,49.9,13719,8.7,299.5,48
2024-08-01 17:20:22.249,hnsw_pickle,32,1M,100,bigann,1,5,81.3,9141,13.3,521.4,48
2024-08-01 17:20:22.316,hnsw_pickle,32,1M,100,bigann,1,10,91.0,6113,18.1,721.5,48
2024-08-01 17:20:22.421,hnsw_pickle,32,1M,100,bigann,1,20,96.6,3843,27.5,1075.6,48
2024-08-01 17:20:22.561,hnsw_pickle,32,1M,100,bigann,1,30,98.3,2856,37.2,1406.9,48
2024-08-01 17:20:22.771,hnsw_pickle,32,1M,100,bigann,1,50,99.4,1904,56.9,2023.4,48
2024-08-01 17:20:23.047,hnsw_pickle,32,1M,100,bigann,1,70,99.8,1452,76.7,2593.3,48
2024-08-01 17:20:23.384,hnsw_pickle,32,1M,100,bigann,1,90,99.8,1178,96.5,3128.6,48
2024-08-01 17:20:23.753,hnsw_pickle,32,1M,100,bigann,1,100,99.9,1078,106.5,3386.7,48
2024-08-01 17:20:24.410,hnsw_pickle,32,1M,100,bigann,1,200,100.0,604,206.3,5715.1,48
2024-08-01 17:20:25.339,hnsw_pickle,32,1M,100,bigann,1,300,100.0,427,306.2,7758.6,48
2024-08-01 17:20:26.520,hnsw_pickle,32,1M,100,bigann,1,400,100.0,336,406.2,9627.6,48
2024-08-01 17:20:27.941,hnsw_pickle,32,1M,100,bigann,1,500,100.0,280,506.1,11373.2,48
2024-08-01 17:20:28.012,hnsw_pickle,32,1M,100,bigann,10,10,86.3,5680,18.1,721.5,48
2024-08-01 17:20:28.118,hnsw_pickle,32,1M,100,bigann,10,20,93.7,3870,27.5,1075.6,48
2024-08-01 17:20:28.259,hnsw_pickle,32,1M,100,bigann,10,30,96.5,2845,37.2,1406.9,48
2024-08-01 17:20:28.471,hnsw_pickle,32,1M,100,bigann,10,50,98.5,1888,56.9,2023.4,48
2024-08-01 17:20:28.756,hnsw_pickle,32,1M,100,bigann,10,70,99.2,1455,76.7,2593.3,48
2024-08-01 17:20:29.096,hnsw_pickle,32,1M,100,bigann,10,90,99.5,1169,96.5,3128.6,48
2024-08-01 17:20:29.470,hnsw_pickle,32,1M,100,bigann,10,100,99.6,1051,106.5,3386.7,48
2024-08-01 17:20:30.126,hnsw_pickle,32,1M,100,bigann,10,200,99.9,606,206.3,5715.1,48
2024-08-01 17:20:31.059,hnsw_pickle,32,1M,100,bigann,10,300,100.0,431,306.2,7758.6,48
2024-08-01 17:20:32.243,hnsw_pickle,32,1M,100,bigann,10,400,100.0,337,406.2,9627.6,48
2024-08-01 17:20:33.674,hnsw_pickle,32,1M,100,bigann,10,500,100.0,277,506.1,11373.2,48
2024-08-01 17:20:34.096,hnsw_pickle,32,1M,100,bigann,100,100,97.9,1050,106.5,3386.7,48
2024-08-01 17:20:34.820,hnsw_pickle,32,1M,100,bigann,100,200,99.5,581,206.3,5715.1,48
2024-08-01 17:20:35.815,hnsw_pickle,32,1M,100,bigann,100,300,99.8,416,306.2,7758.6,48
2024-08-01 17:20:37.076,hnsw_pickle,32,1M,100,bigann,100,400,99.9,326,406.2,9627.6,48
2024-08-01 17:20:38.589,hnsw_pickle,32,1M,100,bigann,100,500,99.9,269,506.1,11373.2,48
2024-08-01 17:37:52.346,hnsw_pickle,32,1M,300,bigann,1,1,50.6,9590,8.7,296.3,48
2024-08-01 17:37:52.394,hnsw_pickle,32,1M,300,bigann,1,5,83.1,8826,13.4,522.4,48
2024-08-01 17:37:52.463,hnsw_pickle,32,1M,300,bigann,1,10,92.2,5935,18.1,725.9,48
2024-08-01 17:37:52.572,hnsw_pickle,32,1M,300,bigann,1,20,97.2,3722,27.5,1088.6,48
2024-08-01 17:37:52.717,hnsw_pickle,32,1M,300,bigann,1,30,98.7,2754,37.2,1430.0,48
2024-08-01 17:37:52.933,hnsw_pickle,32,1M,300,bigann,1,50,99.5,1847,56.9,2065.9,48
2024-08-01 17:37:53.217,hnsw_pickle,32,1M,300,bigann,1,70,99.8,1402,76.7,2655.2,48
2024-08-01 17:37:53.566,hnsw_pickle,32,1M,300,bigann,1,90,99.9,1141,96.6,3209.9,48
2024-08-01 17:37:53.946,hnsw_pickle,32,1M,300,bigann,1,100,99.9,1047,106.5,3477.4,48
2024-08-01 17:37:54.626,hnsw_pickle,32,1M,300,bigann,1,200,100.0,584,206.3,5891.9,48
2024-08-01 17:37:55.584,hnsw_pickle,32,1M,300,bigann,1,300,100.0,413,306.2,8016.1,48
2024-08-01 17:37:56.802,hnsw_pickle,32,1M,300,bigann,1,400,100.0,324,406.2,9958.2,48
2024-08-01 17:37:58.276,hnsw_pickle,32,1M,300,bigann,1,500,100.0,270,506.2,11773.5,48
2024-08-01 17:37:58.347,hnsw_pickle,32,1M,300,bigann,10,10,87.1,5743,18.1,725.9,48
2024-08-01 17:37:58.456,hnsw_pickle,32,1M,300,bigann,10,20,94.3,3745,27.5,1088.6,48
2024-08-01 17:37:58.603,hnsw_pickle,32,1M,300,bigann,10,30,97.0,2743,37.2,1430.0,48
2024-08-01 17:37:58.820,hnsw_pickle,32,1M,300,bigann,10,50,98.9,1845,56.9,2065.9,48
2024-08-01 17:37:59.104,hnsw_pickle,32,1M,300,bigann,10,70,99.5,1399,76.7,2655.2,48
2024-08-01 17:37:59.454,hnsw_pickle,32,1M,300,bigann,10,90,99.7,1137,96.6,3209.9,48
2024-08-01 17:37:59.834,hnsw_pickle,32,1M,300,bigann,10,100,99.8,1044,106.5,3477.4,48
2024-08-01 17:38:00.513,hnsw_pickle,32,1M,300,bigann,10,200,100.0,583,206.3,5891.9,48
2024-08-01 17:38:01.472,hnsw_pickle,32,1M,300,bigann,10,300,100.0,412,306.2,8016.1,48
2024-08-01 17:38:02.694,hnsw_pickle,32,1M,300,bigann,10,400,100.0,325,406.2,9958.2,48
2024-08-01 17:38:04.159,hnsw_pickle,32,1M,300,bigann,10,500,100.0,270,506.2,11773.5,48
2024-08-01 17:38:04.578,hnsw_pickle,32,1M,300,bigann,100,100,98.3,1039,106.5,3477.4,48
2024-08-01 17:38:05.299,hnsw_pickle,32,1M,300,bigann,100,200,99.6,578,206.3,5891.9,48
2024-08-01 17:38:06.299,hnsw_pickle,32,1M,300,bigann,100,300,99.9,411,306.2,8016.1,48
2024-08-01 17:38:07.562,hnsw_pickle,32,1M,300,bigann,100,400,99.9,324,406.2,9958.2,48
2024-08-01 17:38:09.084,hnsw_pickle,32,1M,300,bigann,100,500,100.0,268,506.2,11773.5,48
2024-08-01 18:18:09.247,hnsw_pickle,32,1M,500,bigann,1,1,50.4,15761,8.6,302.1,48
2024-08-01 18:18:09.295,hnsw_pickle,32,1M,500,bigann,1,5,83.0,8795,13.2,528.9,48
2024-08-01 18:18:09.364,hnsw_pickle,32,1M,500,bigann,1,10,92.0,5955,17.9,734.4,48
2024-08-01 18:18:09.473,hnsw_pickle,32,1M,500,bigann,1,20,97.1,3719,27.4,1102.0,48
2024-08-01 18:18:09.618,hnsw_pickle,32,1M,500,bigann,1,30,98.8,2748,37.0,1448.5,48
2024-08-01 18:18:09.837,hnsw_pickle,32,1M,500,bigann,1,50,99.6,1825,56.7,2093.5,48
2024-08-01 18:18:10.122,hnsw_pickle,32,1M,500,bigann,1,70,99.9,1391,76.5,2692.9,48
2024-08-01 18:18:10.474,hnsw_pickle,32,1M,500,bigann,1,90,99.9,1131,96.4,3256.8,48
2024-08-01 18:18:10.856,hnsw_pickle,32,1M,500,bigann,1,100,99.9,1038,106.4,3529.3,48
2024-08-01 18:18:11.543,hnsw_pickle,32,1M,500,bigann,1,200,100.0,577,206.1,5990.2,48
2024-08-01 18:18:12.509,hnsw_pickle,32,1M,500,bigann,1,300,100.0,409,306.1,8155.7,48
2024-08-01 18:18:13.746,hnsw_pickle,32,1M,500,bigann,1,400,100.0,320,406.0,10137.1,48
2024-08-01 18:18:15.234,hnsw_pickle,32,1M,500,bigann,1,500,100.0,266,506.0,11988.5,48
2024-08-01 18:18:15.305,hnsw_pickle,32,1M,500,bigann,10,10,86.9,5788,17.9,734.4,48
2024-08-01 18:18:15.415,hnsw_pickle,32,1M,500,bigann,10,20,94.3,3718,27.4,1102.0,48
2024-08-01 18:18:15.561,hnsw_pickle,32,1M,500,bigann,10,30,97.0,2750,37.0,1448.5,48
2024-08-01 18:18:15.780,hnsw_pickle,32,1M,500,bigann,10,50,98.9,1829,56.7,2093.5,48
2024-08-01 18:18:16.067,hnsw_pickle,32,1M,500,bigann,10,70,99.4,1391,76.5,2692.9,48
2024-08-01 18:18:16.419,hnsw_pickle,32,1M,500,bigann,10,90,99.7,1135,96.4,3256.8,48
2024-08-01 18:18:16.804,hnsw_pickle,32,1M,500,bigann,10,100,99.8,1030,106.4,3529.3,48
2024-08-01 18:18:17.492,hnsw_pickle,32,1M,500,bigann,10,200,100.0,577,206.1,5990.2,48
2024-08-01 18:18:18.458,hnsw_pickle,32,1M,500,bigann,10,300,100.0,410,306.1,8155.7,48
2024-08-01 18:18:19.697,hnsw_pickle,32,1M,500,bigann,10,400,100.0,320,406.0,10137.1,48
2024-08-01 18:18:21.191,hnsw_pickle,32,1M,500,bigann,10,500,100.0,265,506.0,11988.5,48
2024-08-01 18:18:21.613,hnsw_pickle,32,1M,500,bigann,100,100,98.4,1034,106.4,3529.3,48
2024-08-01 18:18:22.354,hnsw_pickle,32,1M,500,bigann,100,200,99.7,569,206.1,5990.2,48
2024-08-01 18:18:23.375,hnsw_pickle,32,1M,500,bigann,100,300,99.9,406,306.1,8155.7,48
2024-08-01 18:18:24.661,hnsw_pickle,32,1M,500,bigann,100,400,100.0,317,406.0,10137.1,48
2024-08-01 18:18:26.217,hnsw_pickle,32,1M,500,bigann,100,500,100.0,262,506.0,11988.5,48
2024-08-01 17:34:51.437,hnsw_pickle,32,10M,100,bigann,1,1,40.0,9293,9.7,361.7,48
2024-08-01 17:34:51.509,hnsw_pickle,32,10M,100,bigann,1,5,74.0,5899,14.8,624.8,48
2024-08-01 17:34:51.606,hnsw_pickle,32,10M,100,bigann,1,10,85.4,4175,19.7,859.4,48
2024-08-01 17:34:51.751,hnsw_pickle,32,10M,100,bigann,1,20,93.3,2806,29.2,1274.8,48
2024-08-01 17:34:51.941,hnsw_pickle,32,10M,100,bigann,1,30,96.0,2114,38.8,1664.7,48
2024-08-01 17:34:52.222,hnsw_pickle,32,10M,100,bigann,1,50,98.3,1427,58.3,2406.7,48
2024-08-01 17:34:52.589,hnsw_pickle,32,10M,100,bigann,1,70,99.0,1098,78.1,3110.3,48
2024-08-01 17:34:53.038,hnsw_pickle,32,10M,100,bigann,1,90,99.4,890,97.9,3783.5,48
2024-08-01 17:34:53.534,hnsw_pickle,32,10M,100,bigann,1,100,99.4,808,107.9,4111.2,48
2024-08-01 17:34:54.434,hnsw_pickle,32,10M,100,bigann,1,200,99.9,439,207.6,7141.6,48
2024-08-01 17:34:55.720,hnsw_pickle,32,10M,100,bigann,1,300,99.9,308,307.5,9882.0,48
2024-08-01 17:34:57.367,hnsw_pickle,32,10M,100,bigann,1,400,100.0,238,407.4,12439.7,48
2024-08-01 17:34:59.357,hnsw_pickle,32,10M,100,bigann,1,500,100.0,199,507.3,14864.8,48
2024-08-01 17:34:59.455,hnsw_pickle,32,10M,100,bigann,10,10,78.7,4103,19.7,859.4,48
2024-08-01 17:34:59.597,hnsw_pickle,32,10M,100,bigann,10,20,88.6,2904,29.2,1274.8,48
2024-08-01 17:34:59.785,hnsw_pickle,32,10M,100,bigann,10,30,92.8,2145,38.8,1664.7,48
2024-08-01 17:35:00.061,hnsw_pickle,32,10M,100,bigann,10,50,96.4,1452,58.3,2406.7,48
2024-08-01 17:35:00.422,hnsw_pickle,32,10M,100,bigann,10,70,97.8,1100,78.1,3110.3,48
2024-08-01 17:35:00.869,hnsw_pickle,32,10M,100,bigann,10,90,98.5,893,97.9,3783.5,48
2024-08-01 17:35:01.354,hnsw_pickle,32,10M,100,bigann,10,100,98.8,825,107.9,4111.2,48
2024-08-01 17:35:02.235,hnsw_pickle,32,10M,100,bigann,10,200,99.7,449,207.6,7141.6,48
2024-08-01 17:35:03.502,hnsw_pickle,32,10M,100,bigann,10,300,99.8,313,307.5,9882.0,48
2024-08-01 17:35:05.126,hnsw_pickle,32,10M,100,bigann,10,400,99.9,245,407.4,12439.7,48
2024-08-01 17:35:07.104,hnsw_pickle,32,10M,100,bigann,10,500,99.9,199,507.3,14864.8,48
2024-08-01 17:35:07.637,hnsw_pickle,32,10M,100,bigann,100,100,95.3,823,107.9,4111.2,48
2024-08-01 17:35:08.559,hnsw_pickle,32,10M,100,bigann,100,200,98.4,451,207.6,7141.6,48
2024-08-01 17:35:09.862,hnsw_pickle,32,10M,100,bigann,100,300,99.2,315,307.5,9882.0,48
2024-08-01 17:35:11.532,hnsw_pickle,32,10M,100,bigann,100,400,99.6,245,407.4,12439.7,48
2024-08-01 17:35:13.556,hnsw_pickle,32,10M,100,bigann,100,500,99.7,200,507.3,14864.8,48
2024-08-01 18:13:54.221,hnsw_pickle,32,10M,300,bigann,1,1,40.8,3080,9.8,367.3,48
2024-08-01 18:13:54.294,hnsw_pickle,32,10M,300,bigann,1,5,75.1,5723,14.9,635.0,48
2024-08-01 18:13:54.393,hnsw_pickle,32,10M,300,bigann,1,10,86.6,4163,19.8,875.7,48
2024-08-01 18:13:54.540,hnsw_pickle,32,10M,300,bigann,1,20,93.9,2786,29.2,1298.4,48
2024-08-01 18:13:54.736,hnsw_pickle,32,10M,300,bigann,1,30,96.6,2051,38.8,1699.4,48
2024-08-01 18:13:55.023,hnsw_pickle,32,10M,300,bigann,1,50,98.6,1390,58.4,2467.1,48
2024-08-01 18:13:55.400,hnsw_pickle,32,10M,300,bigann,1,70,99.2,1062,78.1,3196.0,48
2024-08-01 18:13:55.865,hnsw_pickle,32,10M,300,bigann,1,90,99.5,849,97.9,3895.4,48
2024-08-01 18:13:56.372,hnsw_pickle,32,10M,300,bigann,1,100,99.6,788,107.9,4235.5,48
2024-08-01 18:13:57.320,hnsw_pickle,32,10M,300,bigann,1,200,99.9,425,207.6,7390.8,48
2024-08-01 18:13:58.658,hnsw_pickle,32,10M,300,bigann,1,300,100.0,295,307.5,10251.7,48
2024-08-01 18:14:00.386,hnsw_pickle,32,10M,300,bigann,1,400,100.0,231,407.4,12927.7,48
2024-08-01 18:14:02.479,hnsw_pickle,32,10M,300,bigann,1,500,100.0,189,507.3,15467.6,48
2024-08-01 18:14:02.579,hnsw_pickle,32,10M,300,bigann,10,10,79.9,4125,19.8,875.7,48
2024-08-01 18:14:02.736,hnsw_pickle,32,10M,300,bigann,10,20,89.5,2692,29.2,1298.4,48
2024-08-01 18:14:02.933,hnsw_pickle,32,10M,300,bigann,10,30,93.6,2030,38.8,1699.4,48
2024-08-01 18:14:03.225,hnsw_pickle,32,10M,300,bigann,10,50,97.0,1370,58.4,2467.1,48
2024-08-01 18:14:03.607,hnsw_pickle,32,10M,300,bigann,10,70,98.3,1050,78.1,3196.0,48
2024-08-01 18:14:04.076,hnsw_pickle,32,10M,300,bigann,10,90,98.9,853,97.9,3895.4,48
2024-08-01 18:14:04.588,hnsw_pickle,32,10M,300,bigann,10,100,99.2,776,107.9,4235.5,48
2024-08-01 18:14:05.518,hnsw_pickle,32,10M,300,bigann,10,200,99.8,427,207.6,7390.8,48
2024-08-01 18:14:06.839,hnsw_pickle,32,10M,300,bigann,10,300,99.9,300,307.5,10251.7,48
2024-08-01 18:14:08.536,hnsw_pickle,32,10M,300,bigann,10,400,100.0,233,407.4,12927.7,48
2024-08-01 18:14:10.613,hnsw_pickle,32,10M,300,bigann,10,500,100.0,191,507.3,15467.6,48
2024-08-01 18:14:11.160,hnsw_pickle,32,10M,300,bigann,100,100,96.0,781,107.9,4235.5,48
2024-08-01 18:14:12.121,hnsw_pickle,32,10M,300,bigann,100,200,98.9,428,207.6,7390.8,48
2024-08-01 18:14:13.489,hnsw_pickle,32,10M,300,bigann,100,300,99.5,299,307.5,10251.7,48
2024-08-01 18:14:15.230,hnsw_pickle,32,10M,300,bigann,100,400,99.8,234,407.4,12927.7,48
2024-08-01 18:14:17.330,hnsw_pickle,32,10M,300,bigann,100,500,99.9,192,507.3,15467.6,48
2024-08-01 19:14:15.247,hnsw_pickle,32,10M,500,bigann,1,1,40.5,6107,9.7,365.3,48
2024-08-01 19:14:15.322,hnsw_pickle,32,10M,500,bigann,1,5,75.5,5572,14.7,632.8,48
2024-08-01 19:14:15.423,hnsw_pickle,32,10M,500,bigann,1,10,87.1,4109,19.6,876.0,48
2024-08-01 19:14:15.571,hnsw_pickle,32,10M,500,bigann,1,20,94.3,2738,29.1,1303.9,48
2024-08-01 19:14:15.767,hnsw_pickle,32,10M,500,bigann,1,30,96.9,2050,38.6,1710.3,48
2024-08-01 19:14:16.054,hnsw_pickle,32,10M,500,bigann,1,50,98.7,1395,58.2,2489.1,48
2024-08-01 19:14:16.433,hnsw_pickle,32,10M,500,bigann,1,70,99.2,1060,77.9,3231.7,48
2024-08-01 19:14:16.902,hnsw_pickle,32,10M,500,bigann,1,90,99.6,847,97.8,3943.3,48
2024-08-01 19:14:17.412,hnsw_pickle,32,10M,500,bigann,1,100,99.6,781,107.7,4289.2,48
2024-08-01 19:14:18.344,hnsw_pickle,32,10M,500,bigann,1,200,100.0,427,207.4,7507.2,48
2024-08-01 19:14:19.691,hnsw_pickle,32,10M,500,bigann,1,300,100.0,295,307.3,10429.2,48
2024-08-01 19:14:21.426,hnsw_pickle,32,10M,500,bigann,1,400,100.0,229,407.2,13164.2,48
2024-08-01 19:14:23.544,hnsw_pickle,32,10M,500,bigann,1,500,100.0,187,507.2,15761.4,48
2024-08-01 19:14:23.649,hnsw_pickle,32,10M,500,bigann,10,10,79.8,3945,19.6,876.0,48
2024-08-01 19:14:23.799,hnsw_pickle,32,10M,500,bigann,10,20,89.5,2736,29.1,1303.9,48
2024-08-01 19:14:23.997,hnsw_pickle,32,10M,500,bigann,10,30,93.6,2055,38.6,1710.3,48
2024-08-01 19:14:24.286,hnsw_pickle,32,10M,500,bigann,10,50,97.0,1383,58.2,2489.1,48
2024-08-01 19:14:24.667,hnsw_pickle,32,10M,500,bigann,10,70,98.3,1050,77.9,3231.7,48
2024-08-01 19:14:25.135,hnsw_pickle,32,10M,500,bigann,10,90,98.9,854,97.8,3943.3,48
2024-08-01 19:14:25.647,hnsw_pickle,32,10M,500,bigann,10,100,99.1,777,107.7,4289.2,48
2024-08-01 19:14:26.581,hnsw_pickle,32,10M,500,bigann,10,200,99.8,425,207.4,7507.2,48
2024-08-01 19:14:27.919,hnsw_pickle,32,10M,500,bigann,10,300,99.9,296,307.3,10429.2,48
2024-08-01 19:14:29.648,hnsw_pickle,32,10M,500,bigann,10,400,100.0,230,407.2,13164.2,48
2024-08-01 19:14:31.746,hnsw_pickle,32,10M,500,bigann,10,500,100.0,189,507.2,15761.4,48
2024-08-01 19:14:32.299,hnsw_pickle,32,10M,500,bigann,100,100,96.1,776,107.7,4289.2,48
2024-08-01 19:14:33.282,hnsw_pickle,32,10M,500,bigann,100,200,98.9,421,207.4,7507.2,48
2024-08-01 19:14:34.672,hnsw_pickle,32,10M,500,bigann,100,300,99.6,295,307.3,10429.2,48
2024-08-01 19:14:36.457,hnsw_pickle,32,10M,500,bigann,100,400,99.8,228,407.2,13164.2,48
2024-08-01 19:14:38.627,hnsw_pickle,32,10M,500,bigann,100,500,99.9,186,507.2,15761.4,48
2024-08-01 19:16:26.362,hnsw_pickle,32,1M,100,deep,1,1,50.9,5703,8.3,1226.4,48
2024-08-01 19:16:26.459,hnsw_pickle,32,1M,100,deep,1,5,81.3,4042,13.0,1446.6,48
2024-08-01 19:16:26.575,hnsw_pickle,32,1M,100,deep,1,10,90.1,3694,17.8,1636.4,48
2024-08-01 19:16:26.737,hnsw_pickle,32,1M,100,deep,1,20,95.4,2616,27.4,1969.6,48
2024-08-01 19:16:26.943,hnsw_pickle,32,1M,100,deep,1,30,97.4,2041,37.1,2274.1,48
2024-08-01 19:16:27.234,hnsw_pickle,32,1M,100,deep,1,50,98.9,1452,56.7,2833.1,48
2024-08-01 19:16:27.606,hnsw_pickle,32,1M,100,deep,1,70,99.4,1141,76.5,3346.3,48
2024-08-01 19:16:28.055,hnsw_pickle,32,1M,100,deep,1,90,99.5,950,96.4,3828.0,48
2024-08-01 19:16:28.541,hnsw_pickle,32,1M,100,deep,1,100,99.6,882,106.4,4058.6,48
2024-08-01 19:16:29.400,hnsw_pickle,32,1M,100,deep,1,200,99.8,511,206.1,6121.3,48
2024-08-01 19:16:30.550,hnsw_pickle,32,1M,100,deep,1,300,99.9,367,306.0,7913.0,48
2024-08-01 19:16:32.009,hnsw_pickle,32,1M,100,deep,1,400,99.9,289,405.9,9545.6,48
2024-08-01 19:16:33.748,hnsw_pickle,32,1M,100,deep,1,500,99.9,241,505.9,11066.4,48
2024-08-01 19:16:33.865,hnsw_pickle,32,1M,100,deep,10,10,85.6,3694,17.8,1636.4,48
2024-08-01 19:16:34.028,hnsw_pickle,32,1M,100,deep,10,20,92.7,2599,27.4,1969.6,48
2024-08-01 19:16:34.235,hnsw_pickle,32,1M,100,deep,10,30,95.5,2043,37.1,2274.1,48
2024-08-01 19:16:34.527,hnsw_pickle,32,1M,100,deep,10,50,97.8,1456,56.7,2833.1,48
2024-08-01 19:16:34.901,hnsw_pickle,32,1M,100,deep,10,70,98.7,1139,76.5,3346.3,48
2024-08-01 19:16:35.355,hnsw_pickle,32,1M,100,deep,10,90,99.1,949,96.4,3828.0,48
2024-08-01 19:16:35.843,hnsw_pickle,32,1M,100,deep,10,100,99.2,874,106.4,4058.6,48
2024-08-01 19:16:36.678,hnsw_pickle,32,1M,100,deep,10,200,99.8,509,206.1,6121.3,48
2024-08-01 19:16:37.830,hnsw_pickle,32,1M,100,deep,10,300,99.9,369,306.0,7913.0,48
2024-08-01 19:16:39.289,hnsw_pickle,32,1M,100,deep,10,400,99.9,290,405.9,9545.6,48
2024-08-01 19:16:41.026,hnsw_pickle,32,1M,100,deep,10,500,99.9,244,505.9,11066.4,48
2024-08-01 19:16:41.550,hnsw_pickle,32,1M,100,deep,100,100,97.1,876,106.4,4058.6,48
2024-08-01 19:16:42.421,hnsw_pickle,32,1M,100,deep,100,200,99.0,509,206.1,6121.3,48
2024-08-01 19:16:43.611,hnsw_pickle,32,1M,100,deep,100,300,99.5,368,306.0,7913.0,48
2024-08-01 19:16:45.099,hnsw_pickle,32,1M,100,deep,100,400,99.7,291,405.9,9545.6,48
2024-08-01 19:16:46.890,hnsw_pickle,32,1M,100,deep,100,500,99.8,243,505.9,11066.4,48
2024-08-01 19:44:27.804,hnsw_pickle,32,1M,300,deep,1,1,51.7,7639,9.0,651.7,48
2024-08-01 19:44:27.876,hnsw_pickle,32,1M,300,deep,1,5,82.0,6017,13.6,869.9,48
2024-08-01 19:44:27.975,hnsw_pickle,32,1M,300,deep,1,10,90.8,4307,18.4,1065.6,48
2024-08-01 19:44:28.122,hnsw_pickle,32,1M,300,deep,1,20,96.5,2891,27.8,1409.3,48
2024-08-01 19:44:28.314,hnsw_pickle,32,1M,300,deep,1,30,98.1,2218,37.5,1725.4,48
2024-08-01 19:44:28.601,hnsw_pickle,32,1M,300,deep,1,50,99.2,1489,57.2,2308.7,48
2024-08-01 19:44:28.963,hnsw_pickle,32,1M,300,deep,1,70,99.6,1187,77.0,2845.4,48
2024-08-01 19:44:29.403,hnsw_pickle,32,1M,300,deep,1,90,99.8,977,96.9,3347.8,48
2024-08-01 19:44:29.879,hnsw_pickle,32,1M,300,deep,1,100,99.8,898,106.8,3589.6,48
2024-08-01 19:44:30.711,hnsw_pickle,32,1M,300,deep,1,200,99.9,512,206.6,5747.7,48
2024-08-01 19:44:31.871,hnsw_pickle,32,1M,300,deep,1,300,100.0,367,306.5,7622.6,48
2024-08-01 19:44:33.340,hnsw_pickle,32,1M,300,deep,1,400,100.0,290,406.5,9330.7,48
2024-08-01 19:44:35.117,hnsw_pickle,32,1M,300,deep,1,500,100.0,238,506.4,10921.5,48
2024-08-01 19:44:35.217,hnsw_pickle,32,1M,300,deep,10,10,86.6,4284,18.4,1065.6,48
2024-08-01 19:44:35.364,hnsw_pickle,32,1M,300,deep,10,20,93.7,2909,27.8,1409.3,48
2024-08-01 19:44:35.558,hnsw_pickle,32,1M,300,deep,10,30,96.2,2218,37.5,1725.4,48
2024-08-01 19:44:35.839,hnsw_pickle,32,1M,300,deep,10,50,98.3,1533,57.2,2308.7,48
2024-08-01 19:44:36.202,hnsw_pickle,32,1M,300,deep,10,70,99.0,1186,77.0,2845.4,48
2024-08-01 19:44:36.642,hnsw_pickle,32,1M,300,deep,10,90,99.4,979,96.9,3347.8,48
2024-08-01 19:44:37.120,hnsw_pickle,32,1M,300,deep,10,100,99.5,899,106.8,3589.6,48
2024-08-01 19:44:37.955,hnsw_pickle,32,1M,300,deep,10,200,99.9,514,206.6,5747.7,48
2024-08-01 19:44:39.116,hnsw_pickle,32,1M,300,deep,10,300,99.9,368,306.5,7622.6,48
2024-08-01 19:44:40.578,hnsw_pickle,32,1M,300,deep,10,400,100.0,290,406.5,9330.7,48
2024-08-01 19:44:42.336,hnsw_pickle,32,1M,300,deep,10,500,100.0,241,506.4,10921.5,48
2024-08-01 19:44:42.848,hnsw_pickle,32,1M,300,deep,100,100,97.8,905,106.8,3589.6,48
2024-08-01 19:44:43.727,hnsw_pickle,32,1M,300,deep,100,200,99.3,511,206.6,5747.7,48
2024-08-01 19:44:44.933,hnsw_pickle,32,1M,300,deep,100,300,99.7,364,306.5,7622.6,48
2024-08-01 19:44:46.444,hnsw_pickle,32,1M,300,deep,100,400,99.8,288,406.5,9330.7,48
2024-08-01 19:44:48.277,hnsw_pickle,32,1M,300,deep,100,500,99.9,241,506.4,10921.5,48
2024-08-01 20:32:36.822,hnsw_pickle,32,1M,500,deep,1,1,52.0,5866,8.3,1123.4,48
2024-08-01 20:32:36.908,hnsw_pickle,32,1M,500,deep,1,5,82.5,4947,12.9,1344.5,48
2024-08-01 20:32:37.021,hnsw_pickle,32,1M,500,deep,1,10,91.1,3744,17.7,1542.5,48
2024-08-01 20:32:37.184,hnsw_pickle,32,1M,500,deep,1,20,96.3,2600,27.2,1892.1,48
2024-08-01 20:32:37.391,hnsw_pickle,32,1M,500,deep,1,30,98.1,2036,36.8,2214.5,48
2024-08-01 20:32:37.689,hnsw_pickle,32,1M,500,deep,1,50,99.2,1424,56.5,2811.8,48
2024-08-01 20:32:38.072,hnsw_pickle,32,1M,500,deep,1,70,99.7,1112,76.3,3361.0,48
2024-08-01 20:32:38.535,hnsw_pickle,32,1M,500,deep,1,90,99.8,925,96.2,3875.8,48
2024-08-01 20:32:39.036,hnsw_pickle,32,1M,500,deep,1,100,99.8,851,106.2,4123.0,48
2024-08-01 20:32:39.900,hnsw_pickle,32,1M,500,deep,1,200,100.0,494,205.9,6337.0,48
2024-08-01 20:32:41.095,hnsw_pickle,32,1M,500,deep,1,300,100.0,356,305.9,8260.0,48
2024-08-01 20:32:42.611,hnsw_pickle,32,1M,500,deep,1,400,100.0,279,405.8,10011.6,48
2024-08-01 20:32:44.436,hnsw_pickle,32,1M,500,deep,1,500,100.0,232,505.8,11642.9,48
2024-08-01 20:32:44.551,hnsw_pickle,32,1M,500,deep,10,10,86.6,3677,17.7,1542.5,48
2024-08-01 20:32:44.715,hnsw_pickle,32,1M,500,deep,10,20,93.7,2586,27.2,1892.1,48
2024-08-01 20:32:44.926,hnsw_pickle,32,1M,500,deep,10,30,96.3,2015,36.8,2214.5,48
2024-08-01 20:32:45.225,hnsw_pickle,32,1M,500,deep,10,50,98.4,1423,56.5,2811.8,48
2024-08-01 20:32:45.609,hnsw_pickle,32,1M,500,deep,10,70,99.1,1113,76.3,3361.0,48
2024-08-01 20:32:46.073,hnsw_pickle,32,1M,500,deep,10,90,99.4,922,96.2,3875.8,48
2024-08-01 20:32:46.576,hnsw_pickle,32,1M,500,deep,10,100,99.5,849,106.2,4123.0,48
2024-08-01 20:32:47.441,hnsw_pickle,32,1M,500,deep,10,200,99.9,493,205.9,6337.0,48
2024-08-01 20:32:48.641,hnsw_pickle,32,1M,500,deep,10,300,99.9,355,305.9,8260.0,48
2024-08-01 20:32:50.152,hnsw_pickle,32,1M,500,deep,10,400,100.0,283,405.8,10011.6,48
2024-08-01 20:32:51.963,hnsw_pickle,32,1M,500,deep,10,500,100.0,234,505.8,11642.9,48
2024-08-01 20:32:52.498,hnsw_pickle,32,1M,500,deep,100,100,97.9,856,106.2,4123.0,48
2024-08-01 20:32:53.406,hnsw_pickle,32,1M,500,deep,100,200,99.4,484,205.9,6337.0,48
2024-08-01 20:32:54.649,hnsw_pickle,32,1M,500,deep,100,300,99.8,358,305.9,8260.0,48
2024-08-01 20:32:56.205,hnsw_pickle,32,1M,500,deep,100,400,99.9,281,405.8,10011.6,48
2024-08-01 20:32:58.083,hnsw_pickle,32,1M,500,deep,100,500,99.9,229,505.8,11642.9,48
2024-08-01 19:41:00.132,hnsw_pickle,32,10M,100,deep,1,1,38.5,5525,9.8,555.3,48
2024-08-01 19:41:00.238,hnsw_pickle,32,10M,100,deep,1,5,72.2,4016,15.1,835.2,48
2024-08-01 19:41:00.381,hnsw_pickle,32,10M,100,deep,1,10,83.5,3004,20.1,1068.5,48
2024-08-01 19:41:00.590,hnsw_pickle,32,10M,100,deep,1,20,91.2,2042,29.6,1473.0,48
2024-08-01 19:41:00.860,hnsw_pickle,32,10M,100,deep,1,30,94.5,1565,39.3,1852.2,48
2024-08-01 19:41:01.256,hnsw_pickle,32,10M,100,deep,1,50,97.3,1072,58.8,2569.2,48
2024-08-01 19:41:01.768,hnsw_pickle,32,10M,100,deep,1,70,98.2,837,78.5,3246.6,48
2024-08-01 19:41:02.398,hnsw_pickle,32,10M,100,deep,1,90,98.8,679,98.3,3893.0,48
2024-08-01 19:41:03.089,hnsw_pickle,32,10M,100,deep,1,100,99.0,619,108.3,4205.7,48
2024-08-01 19:41:04.303,hnsw_pickle,32,10M,100,deep,1,200,99.5,349,207.9,7089.6,48
2024-08-01 19:41:06.026,hnsw_pickle,32,10M,100,deep,1,300,99.7,247,307.8,9676.9,48
2024-08-01 19:41:08.227,hnsw_pickle,32,10M,100,deep,1,400,99.8,192,407.7,12076.2,48
2024-08-01 19:41:10.895,hnsw_pickle,32,10M,100,deep,1,500,99.9,157,507.6,14341.4,48
2024-08-01 19:41:11.038,hnsw_pickle,32,10M,100,deep,10,10,77.7,3006,20.1,1068.5,48
2024-08-01 19:41:11.251,hnsw_pickle,32,10M,100,deep,10,20,87.1,2007,29.6,1473.0,48
2024-08-01 19:41:11.525,hnsw_pickle,32,10M,100,deep,10,30,91.3,1570,39.3,1852.2,48
2024-08-01 19:41:11.926,hnsw_pickle,32,10M,100,deep,10,50,95.0,1071,58.8,2569.2,48
2024-08-01 19:41:12.442,hnsw_pickle,32,10M,100,deep,10,70,96.7,830,78.5,3246.6,48
2024-08-01 19:41:13.074,hnsw_pickle,32,10M,100,deep,10,90,97.6,683,98.3,3893.0,48
2024-08-01 19:41:13.757,hnsw_pickle,32,10M,100,deep,10,100,97.9,628,108.3,4205.7,48
2024-08-01 19:41:14.977,hnsw_pickle,32,10M,100,deep,10,200,99.2,349,207.9,7089.6,48
2024-08-01 19:41:16.720,hnsw_pickle,32,10M,100,deep,10,300,99.5,245,307.8,9676.9,48
2024-08-01 19:41:18.945,hnsw_pickle,32,10M,100,deep,10,400,99.7,191,407.7,12076.2,48
2024-08-01 19:41:21.598,hnsw_pickle,32,10M,100,deep,10,500,99.8,158,507.6,14341.4,48
2024-08-01 19:41:22.319,hnsw_pickle,32,10M,100,deep,100,100,94.0,633,108.3,4205.7,48
2024-08-01 19:41:23.575,hnsw_pickle,32,10M,100,deep,100,200,97.5,349,207.9,7089.6,48
2024-08-01 19:41:25.334,hnsw_pickle,32,10M,100,deep,100,300,98.6,249,307.8,9676.9,48
2024-08-01 19:41:27.569,hnsw_pickle,32,10M,100,deep,100,400,99.1,192,407.7,12076.2,48
2024-08-01 19:41:30.270,hnsw_pickle,32,10M,100,deep,100,500,99.4,159,507.6,14341.4,48
2024-08-01 20:27:52.506,hnsw_pickle,32,10M,300,deep,1,1,38.2,5342,9.8,549.9,48
2024-08-01 20:27:52.607,hnsw_pickle,32,10M,300,deep,1,5,72.6,4273,15.0,831.4,48
2024-08-01 20:27:52.745,hnsw_pickle,32,10M,300,deep,1,10,84.3,3116,20.0,1069.8,48
2024-08-01 20:27:52.949,hnsw_pickle,32,10M,300,deep,1,20,92.2,2100,29.5,1487.4,48
2024-08-01 20:27:53.216,hnsw_pickle,32,10M,300,deep,1,30,95.2,1610,39.1,1881.2,48
2024-08-01 20:27:53.604,hnsw_pickle,32,10M,300,deep,1,50,97.6,1107,58.6,2627.5,48
2024-08-01 20:27:54.110,hnsw_pickle,32,10M,300,deep,1,70,98.5,843,78.4,3333.6,48
2024-08-01 20:27:54.733,hnsw_pickle,32,10M,300,deep,1,90,99.1,686,98.2,4009.6,48
2024-08-01 20:27:55.407,hnsw_pickle,32,10M,300,deep,1,100,99.2,630,108.1,4336.6,48
2024-08-01 20:27:56.616,hnsw_pickle,32,10M,300,deep,1,200,99.7,352,207.8,7355.4,48
2024-08-01 20:27:58.348,hnsw_pickle,32,10M,300,deep,1,300,99.8,246,307.7,10067.7,48
2024-08-01 20:28:00.561,hnsw_pickle,32,10M,300,deep,1,400,99.8,189,407.6,12586.3,48
2024-08-01 20:28:03.208,hnsw_pickle,32,10M,300,deep,1,500,99.9,160,507.5,14966.1,48
2024-08-01 20:28:03.345,hnsw_pickle,32,10M,300,deep,10,10,78.9,3132,20.0,1069.8,48
2024-08-01 20:28:03.545,hnsw_pickle,32,10M,300,deep,10,20,88.4,2158,29.5,1487.4,48
2024-08-01 20:28:03.809,hnsw_pickle,32,10M,300,deep,10,30,92.5,1625,39.1,1881.2,48
2024-08-01 20:28:04.194,hnsw_pickle,32,10M,300,deep,10,50,96.0,1125,58.6,2627.5,48
2024-08-01 20:28:04.692,hnsw_pickle,32,10M,300,deep,10,70,97.5,870,78.4,3333.6,48
2024-08-01 20:28:05.305,hnsw_pickle,32,10M,300,deep,10,90,98.3,698,98.2,4009.6,48
2024-08-01 20:28:05.986,hnsw_pickle,32,10M,300,deep,10,100,98.6,646,108.1,4336.6,48
2024-08-01 20:28:07.183,hnsw_pickle,32,10M,300,deep,10,200,99.5,360,207.8,7355.4,48
2024-08-01 20:28:08.869,hnsw_pickle,32,10M,300,deep,10,300,99.8,252,307.7,10067.7,48
2024-08-01 20:28:11.051,hnsw_pickle,32,10M,300,deep,10,400,99.9,195,407.6,12586.3,48
2024-08-01 20:28:13.696,hnsw_pickle,32,10M,300,deep,10,500,99.9,160,507.5,14966.1,48
2024-08-01 20:28:14.400,hnsw_pickle,32,10M,300,deep,100,100,95.1,644,108.1,4336.6,48
2024-08-01 20:28:15.646,hnsw_pickle,32,10M,300,deep,100,200,98.2,356,207.8,7355.4,48
2024-08-01 20:28:17.385,hnsw_pickle,32,10M,300,deep,100,300,99.1,249,307.7,10067.7,48
2024-08-01 20:28:19.594,hnsw_pickle,32,10M,300,deep,100,400,99.4,195,407.6,12586.3,48
2024-08-01 20:28:22.284,hnsw_pickle,32,10M,300,deep,100,500,99.6,160,507.5,14966.1,48
2024-08-01 21:34:05.090,hnsw_pickle,32,10M,500,deep,1,1,40.6,5463,9.5,589.5,48
2024-08-01 21:34:05.189,hnsw_pickle,32,10M,500,deep,1,5,73.6,4321,14.6,862.9,48
2024-08-01 21:34:05.323,hnsw_pickle,32,10M,500,deep,1,10,84.7,3194,19.6,1102.7,48
2024-08-01 21:34:05.525,hnsw_pickle,32,10M,500,deep,1,20,92.5,2100,29.1,1528.2,48
2024-08-01 21:34:05.789,hnsw_pickle,32,10M,500,deep,1,30,95.4,1622,38.7,1927.4,48
2024-08-01 21:34:06.180,hnsw_pickle,32,10M,500,deep,1,50,98.0,1098,58.2,2688.9,48
2024-08-01 21:34:06.690,hnsw_pickle,32,10M,500,deep,1,70,98.8,849,77.9,3411.3,48
2024-08-01 21:34:07.317,hnsw_pickle,32,10M,500,deep,1,90,99.2,689,97.7,4101.5,48
2024-08-01 21:34:07.999,hnsw_pickle,32,10M,500,deep,1,100,99.3,632,107.7,4436.9,48
2024-08-01 21:34:09.219,hnsw_pickle,32,10M,500,deep,1,200,99.8,350,207.4,7530.2,48
2024-08-01 21:34:10.951,hnsw_pickle,32,10M,500,deep,1,300,99.9,247,307.2,10311.2,48
2024-08-01 21:34:13.179,hnsw_pickle,32,10M,500,deep,1,400,99.9,191,407.1,12894.0,48
2024-08-01 21:34:15.877,hnsw_pickle,32,10M,500,deep,1,500,99.9,157,507.1,15335.9,48
2024-08-01 21:34:16.015,hnsw_pickle,32,10M,500,deep,10,10,78.5,3017,19.6,1102.7,48
2024-08-01 21:34:16.217,hnsw_pickle,32,10M,500,deep,10,20,88.4,2125,29.1,1528.2,48
2024-08-01 21:34:16.483,hnsw_pickle,32,10M,500,deep,10,30,92.6,1614,38.7,1927.4,48
2024-08-01 21:34:16.878,hnsw_pickle,32,10M,500,deep,10,50,96.2,1099,58.2,2688.9,48
2024-08-01 21:34:17.387,hnsw_pickle,32,10M,500,deep,10,70,97.7,845,77.9,3411.3,48
2024-08-01 21:34:18.011,hnsw_pickle,32,10M,500,deep,10,90,98.5,694,97.7,4101.5,48
2024-08-01 21:34:18.693,hnsw_pickle,32,10M,500,deep,10,100,98.7,631,107.7,4436.9,48
2024-08-01 21:34:19.916,hnsw_pickle,32,10M,500,deep,10,200,99.6,351,207.4,7530.2,48
2024-08-01 21:34:21.662,hnsw_pickle,32,10M,500,deep,10,300,99.8,244,307.2,10311.2,48
2024-08-01 21:34:23.884,hnsw_pickle,32,10M,500,deep,10,400,99.9,191,407.1,12894.0,48
2024-08-01 21:34:26.611,hnsw_pickle,32,10M,500,deep,10,500,99.9,155,507.1,15335.9,48
2024-08-01 21:34:27.333,hnsw_pickle,32,10M,500,deep,100,100,95.2,629,107.7,4436.9,48
2024-08-01 21:34:28.608,hnsw_pickle,32,10M,500,deep,100,200,98.4,347,207.4,7530.2,48
2024-08-01 21:34:30.394,hnsw_pickle,32,10M,500,deep,100,300,99.2,245,307.2,10311.2,48
2024-08-01 21:34:32.666,hnsw_pickle,32,10M,500,deep,100,400,99.5,191,407.1,12894.0,48
2024-08-01 21:34:35.394,hnsw_pickle,32,10M,500,deep,100,500,99.7,158,507.1,15335.9,48
2024-08-01 21:47:27.278,hnsw_pickle,32,1M,100,msspacev,1,1,45.4,5391,8.2,3038.0,48
2024-08-01 21:47:27.589,hnsw_pickle,32,1M,100,msspacev,1,5,73.8,4200,13.4,3302.5,48
2024-08-01 21:47:27.960,hnsw_pickle,32,1M,100,msspacev,1,10,82.7,3571,18.5,3531.7,48
2024-08-01 21:47:28.447,hnsw_pickle,32,1M,100,msspacev,1,20,89.2,2697,28.4,3936.5,48
2024-08-01 21:47:29.041,hnsw_pickle,32,1M,100,msspacev,1,30,92.2,2195,38.1,4317.5,48
2024-08-01 21:47:29.843,hnsw_pickle,32,1M,100,msspacev,1,50,94.9,1615,57.7,5047.3,48
2024-08-01 21:47:30.859,hnsw_pickle,32,1M,100,msspacev,1,70,96.3,1263,77.4,5750.6,48
2024-08-01 21:47:32.079,hnsw_pickle,32,1M,100,msspacev,1,90,97.0,1052,97.2,6430.8,48
2024-08-01 21:47:33.400,hnsw_pickle,32,1M,100,msspacev,1,100,97.3,968,107.1,6766.0,48
2024-08-01 21:47:35.699,hnsw_pickle,32,1M,100,msspacev,1,200,98.5,552,206.6,9915.2,48
2024-08-01 21:47:38.885,hnsw_pickle,32,1M,100,msspacev,1,300,98.9,395,306.5,12822.8,48
2024-08-01 21:47:42.937,hnsw_pickle,32,1M,100,msspacev,1,400,99.2,312,406.4,15556.1,48
2024-08-01 21:47:47.849,hnsw_pickle,32,1M,100,msspacev,1,500,99.3,257,506.4,18155.3,48
2024-08-01 21:47:48.222,hnsw_pickle,32,1M,100,msspacev,10,10,79.6,3557,18.5,3531.7,48
2024-08-01 21:47:48.709,hnsw_pickle,32,1M,100,msspacev,10,20,87.1,2704,28.4,3936.5,48
2024-08-01 21:47:49.304,hnsw_pickle,32,1M,100,msspacev,10,30,90.6,2204,38.1,4317.5,48
2024-08-01 21:47:50.103,hnsw_pickle,32,1M,100,msspacev,10,50,93.8,1631,57.7,5047.3,48
2024-08-01 21:47:51.110,hnsw_pickle,32,1M,100,msspacev,10,70,95.4,1282,77.4,5750.6,48
2024-08-01 21:47:52.313,hnsw_pickle,32,1M,100,msspacev,10,90,96.4,1066,97.2,6430.8,48
2024-08-01 21:47:53.611,hnsw_pickle,32,1M,100,msspacev,10,100,96.7,990,107.1,6766.0,48
2024-08-01 21:47:55.870,hnsw_pickle,32,1M,100,msspacev,10,200,98.3,563,206.6,9915.2,48
2024-08-01 21:47:59.031,hnsw_pickle,32,1M,100,msspacev,10,300,98.8,400,306.5,12822.8,48
2024-08-01 21:48:03.100,hnsw_pickle,32,1M,100,msspacev,10,400,99.1,311,406.4,15556.1,48
2024-08-01 21:48:08.013,hnsw_pickle,32,1M,100,msspacev,10,500,99.2,257,506.4,18155.3,48
2024-08-01 21:48:09.420,hnsw_pickle,32,1M,100,msspacev,100,100,91.8,983,107.1,6766.0,48
2024-08-01 21:48:11.790,hnsw_pickle,32,1M,100,msspacev,100,200,96.0,561,206.6,9915.2,48
2024-08-01 21:48:15.086,hnsw_pickle,32,1M,100,msspacev,100,300,97.4,397,306.5,12822.8,48
2024-08-01 21:48:19.282,hnsw_pickle,32,1M,100,msspacev,100,400,98.1,310,406.4,15556.1,48
2024-08-01 21:48:24.338,hnsw_pickle,32,1M,100,msspacev,100,500,98.5,255,506.4,18155.3,48
2024-08-02 02:47:30.220,hnsw_pickle,32,1M,300,msspacev,1,1,44.9,5438,8.5,2830.3,48
2024-08-02 02:47:30.517,hnsw_pickle,32,1M,300,msspacev,1,5,75.8,4416,13.7,3110.0,48
2024-08-02 02:47:30.876,hnsw_pickle,32,1M,300,msspacev,1,10,84.7,3700,18.9,3352.8,48
2024-08-02 02:47:31.351,hnsw_pickle,32,1M,300,msspacev,1,20,91.2,2767,28.7,3786.5,48
2024-08-02 02:47:31.934,hnsw_pickle,32,1M,300,msspacev,1,30,94.1,2250,38.4,4198.5,48
2024-08-02 02:47:32.724,hnsw_pickle,32,1M,300,msspacev,1,50,96.3,1642,57.9,4989.5,48
2024-08-02 02:47:33.714,hnsw_pickle,32,1M,300,msspacev,1,70,97.4,1306,77.5,5754.1,48
2024-08-02 02:47:34.905,hnsw_pickle,32,1M,300,msspacev,1,90,97.9,1082,97.3,6497.5,48
2024-08-02 02:47:36.196,hnsw_pickle,32,1M,300,msspacev,1,100,98.1,998,107.2,6863.4,48
2024-08-02 02:47:38.432,hnsw_pickle,32,1M,300,msspacev,1,200,99.1,572,206.8,10311.0,48
2024-08-02 02:47:41.567,hnsw_pickle,32,1M,300,msspacev,1,300,99.4,406,306.7,13491.7,48
2024-08-02 02:47:45.585,hnsw_pickle,32,1M,300,msspacev,1,400,99.6,317,406.6,16481.1,48
2024-08-02 02:47:50.460,hnsw_pickle,32,1M,300,msspacev,1,500,99.6,260,506.6,19323.6,48
2024-08-02 02:47:50.824,hnsw_pickle,32,1M,300,msspacev,10,10,81.0,3622,18.9,3352.8,48
2024-08-02 02:47:51.302,hnsw_pickle,32,1M,300,msspacev,10,20,88.8,2767,28.7,3786.5,48
2024-08-02 02:47:51.891,hnsw_pickle,32,1M,300,msspacev,10,30,92.2,2216,38.4,4198.5,48
2024-08-02 02:47:52.682,hnsw_pickle,32,1M,300,msspacev,10,50,95.3,1648,57.9,4989.5,48
2024-08-02 02:47:53.678,hnsw_pickle,32,1M,300,msspacev,10,70,96.7,1297,77.5,5754.1,48
2024-08-02 02:47:54.877,hnsw_pickle,32,1M,300,msspacev,10,90,97.5,1076,97.3,6497.5,48
2024-08-02 02:47:56.183,hnsw_pickle,32,1M,300,msspacev,10,100,97.8,987,107.2,6863.4,48
2024-08-02 02:47:58.427,hnsw_pickle,32,1M,300,msspacev,10,200,99.0,571,206.8,10311.0,48
2024-08-02 02:48:01.582,hnsw_pickle,32,1M,300,msspacev,10,300,99.4,403,306.7,13491.7,48
2024-08-02 02:48:05.606,hnsw_pickle,32,1M,300,msspacev,10,400,99.5,316,406.6,16481.1,48
2024-08-02 02:48:10.486,hnsw_pickle,32,1M,300,msspacev,10,500,99.6,260,506.6,19323.6,48
2024-08-02 02:48:11.885,hnsw_pickle,32,1M,300,msspacev,100,100,93.1,995,107.2,6863.4,48
2024-08-02 02:48:14.245,hnsw_pickle,32,1M,300,msspacev,100,200,97.1,568,206.8,10311.0,48
2024-08-02 02:48:17.504,hnsw_pickle,32,1M,300,msspacev,100,300,98.3,403,306.7,13491.7,48
2024-08-02 02:48:21.637,hnsw_pickle,32,1M,300,msspacev,100,400,98.9,315,406.6,16481.1,48
2024-08-02 02:48:26.642,hnsw_pickle,32,1M,300,msspacev,100,500,99.2,260,506.6,19323.6,48
2024-08-02 05:18:22.940,hnsw_pickle,32,1M,500,msspacev,1,1,45.7,4769,7.8,3554.4,48
2024-08-02 05:18:23.279,hnsw_pickle,32,1M,500,msspacev,1,5,75.8,3827,12.9,3831.8,48
2024-08-02 05:18:23.680,hnsw_pickle,32,1M,500,msspacev,1,10,84.9,3296,18.0,4081.3,48
2024-08-02 05:18:24.205,hnsw_pickle,32,1M,500,msspacev,1,20,91.5,2493,27.7,4530.5,48
2024-08-02 05:18:24.839,hnsw_pickle,32,1M,500,msspacev,1,30,94.2,2065,37.4,4958.6,48
2024-08-02 05:18:25.683,hnsw_pickle,32,1M,500,msspacev,1,50,96.6,1540,56.9,5785.4,48
2024-08-02 05:18:26.736,hnsw_pickle,32,1M,500,msspacev,1,70,97.6,1231,76.7,6585.3,48
2024-08-02 05:18:27.996,hnsw_pickle,32,1M,500,msspacev,1,90,98.2,1028,96.5,7363.9,48
2024-08-02 05:18:29.358,hnsw_pickle,32,1M,500,msspacev,1,100,98.4,949,106.4,7744.7,48
2024-08-02 05:18:31.704,hnsw_pickle,32,1M,500,msspacev,1,200,99.3,545,205.9,11346.3,48
2024-08-02 05:18:34.983,hnsw_pickle,32,1M,500,msspacev,1,300,99.6,389,305.8,14671.4,48
2024-08-02 05:18:39.157,hnsw_pickle,32,1M,500,msspacev,1,400,99.7,305,405.8,17796.0,48
2024-08-02 05:18:44.206,hnsw_pickle,32,1M,500,msspacev,1,500,99.7,251,505.7,20766.6,48
2024-08-02 05:18:44.611,hnsw_pickle,32,1M,500,msspacev,10,10,80.8,3252,18.0,4081.3,48
2024-08-02 05:18:45.138,hnsw_pickle,32,1M,500,msspacev,10,20,88.7,2513,27.7,4530.5,48
2024-08-02 05:18:45.773,hnsw_pickle,32,1M,500,msspacev,10,30,92.2,2067,37.4,4958.6,48
2024-08-02 05:18:46.622,hnsw_pickle,32,1M,500,msspacev,10,50,95.4,1538,56.9,5785.4,48
2024-08-02 05:18:47.682,hnsw_pickle,32,1M,500,msspacev,10,70,96.9,1220,76.7,6585.3,48
2024-08-02 05:18:48.943,hnsw_pickle,32,1M,500,msspacev,10,90,97.7,1027,96.5,7363.9,48
2024-08-02 05:18:50.307,hnsw_pickle,32,1M,500,msspacev,10,100,98.0,949,106.4,7744.7,48
2024-08-02 05:18:52.660,hnsw_pickle,32,1M,500,msspacev,10,200,99.1,544,205.9,11346.3,48
2024-08-02 05:18:55.930,hnsw_pickle,32,1M,500,msspacev,10,300,99.5,390,305.8,14671.4,48
2024-08-02 05:19:00.103,hnsw_pickle,32,1M,500,msspacev,10,400,99.6,306,405.8,17796.0,48
2024-08-02 05:19:05.164,hnsw_pickle,32,1M,500,msspacev,10,500,99.7,251,505.7,20766.6,48
2024-08-02 05:19:06.634,hnsw_pickle,32,1M,500,msspacev,100,100,93.2,949,106.4,7744.7,48
2024-08-02 05:19:09.104,hnsw_pickle,32,1M,500,msspacev,100,200,97.2,544,205.9,11346.3,48
2024-08-02 05:19:12.499,hnsw_pickle,32,1M,500,msspacev,100,300,98.5,388,305.8,14671.4,48
2024-08-02 05:19:16.788,hnsw_pickle,32,1M,500,msspacev,100,400,99.0,304,405.8,17796.0,48
2024-08-02 05:19:21.963,hnsw_pickle,32,1M,500,msspacev,100,500,99.3,251,505.7,20766.6,48
2024-08-02 02:34:21.922,hnsw_pickle,32,10M,100,msspacev,1,1,35.8,5581,11.0,1458.4,48
2024-08-02 02:34:22.260,hnsw_pickle,32,10M,100,msspacev,1,5,69.0,3803,17.5,1791.7,48
2024-08-02 02:34:22.683,hnsw_pickle,32,10M,100,msspacev,1,10,79.4,3051,23.1,2036.2,48
2024-08-02 02:34:23.246,hnsw_pickle,32,10M,100,msspacev,1,20,86.5,2264,33.4,2439.1,48
2024-08-02 02:34:23.940,hnsw_pickle,32,10M,100,msspacev,1,30,89.8,1828,43.4,2811.3,48
2024-08-02 02:34:24.885,hnsw_pickle,32,10M,100,msspacev,1,50,92.9,1336,63.3,3524.2,48
2024-08-02 02:34:26.076,hnsw_pickle,32,10M,100,msspacev,1,70,94.6,1060,83.0,4216.1,48
2024-08-02 02:34:27.513,hnsw_pickle,32,10M,100,msspacev,1,90,95.6,877,102.8,4897.2,48
2024-08-02 02:34:29.072,hnsw_pickle,32,10M,100,msspacev,1,100,95.9,808,112.7,5233.3,48
2024-08-02 02:34:31.844,hnsw_pickle,32,10M,100,msspacev,1,200,97.7,453,211.9,8512.1,48
2024-08-02 02:34:35.798,hnsw_pickle,32,10M,100,msspacev,1,300,98.3,317,311.5,11673.5,48
2024-08-02 02:34:40.910,hnsw_pickle,32,10M,100,msspacev,1,400,98.6,245,411.3,14743.3,48
2024-08-02 02:34:47.135,hnsw_pickle,32,10M,100,msspacev,1,500,98.8,201,511.1,17741.2,48
2024-08-02 02:34:47.554,hnsw_pickle,32,10M,100,msspacev,10,10,77.7,3035,23.1,2036.2,48
2024-08-02 02:34:48.116,hnsw_pickle,32,10M,100,msspacev,10,20,85.5,2278,33.4,2439.1,48
2024-08-02 02:34:48.805,hnsw_pickle,32,10M,100,msspacev,10,30,89.0,1845,43.4,2811.3,48
2024-08-02 02:34:49.739,hnsw_pickle,32,10M,100,msspacev,10,50,92.5,1364,63.3,3524.2,48
2024-08-02 02:34:50.922,hnsw_pickle,32,10M,100,msspacev,10,70,94.2,1068,83.0,4216.1,48
2024-08-02 02:34:52.350,hnsw_pickle,32,10M,100,msspacev,10,90,95.3,884,102.8,4897.2,48
2024-08-02 02:34:53.895,hnsw_pickle,32,10M,100,msspacev,10,100,95.6,817,112.7,5233.3,48
2024-08-02 02:34:56.645,hnsw_pickle,32,10M,100,msspacev,10,200,97.4,458,211.9,8512.1,48
2024-08-02 02:35:00.564,hnsw_pickle,32,10M,100,msspacev,10,300,98.1,321,311.5,11673.5,48
2024-08-02 02:35:05.630,hnsw_pickle,32,10M,100,msspacev,10,400,98.5,247,411.3,14743.3,48
2024-08-02 02:35:11.841,hnsw_pickle,32,10M,100,msspacev,10,500,98.7,201,511.1,17741.2,48
2024-08-02 02:35:13.500,hnsw_pickle,32,10M,100,msspacev,100,100,90.8,821,112.7,5233.3,48
2024-08-02 02:35:16.351,hnsw_pickle,32,10M,100,msspacev,100,200,94.8,460,211.9,8512.1,48
2024-08-02 02:35:20.359,hnsw_pickle,32,10M,100,msspacev,100,300,96.3,322,311.5,11673.5,48
2024-08-02 02:35:25.531,hnsw_pickle,32,10M,100,msspacev,100,400,97.1,247,411.3,14743.3,48
2024-08-02 02:35:31.843,hnsw_pickle,32,10M,100,msspacev,100,500,97.6,202,511.1,17741.2,48
2024-08-02 05:04:54.008,hnsw_pickle,32,10M,300,msspacev,1,1,40.1,5815,9.3,1325.1,48
2024-08-02 05:04:54.310,hnsw_pickle,32,10M,300,msspacev,1,5,73.1,4244,15.1,1643.4,48
2024-08-02 05:04:54.688,hnsw_pickle,32,10M,300,msspacev,1,10,82.6,3430,20.5,1892.5,48
2024-08-02 05:04:55.199,hnsw_pickle,32,10M,300,msspacev,1,20,89.3,2515,30.6,2327.7,48
2024-08-02 05:04:55.839,hnsw_pickle,32,10M,300,msspacev,1,30,92.2,2003,40.4,2736.8,48
2024-08-02 05:04:56.725,hnsw_pickle,32,10M,300,msspacev,1,50,95.1,1440,60.1,3530.8,48
2024-08-02 05:04:57.855,hnsw_pickle,32,10M,300,msspacev,1,70,96.5,1124,79.8,4304.2,48
2024-08-02 05:04:59.230,hnsw_pickle,32,10M,300,msspacev,1,90,97.2,922,99.6,5065.5,48
2024-08-02 05:05:00.726,hnsw_pickle,32,10M,300,msspacev,1,100,97.5,847,109.5,5443.7,48
2024-08-02 05:05:03.437,hnsw_pickle,32,10M,300,msspacev,1,200,98.7,465,208.8,9123.5,48
2024-08-02 05:05:07.320,hnsw_pickle,32,10M,300,msspacev,1,300,99.1,324,308.4,12667.7,48
2024-08-02 05:05:12.355,hnsw_pickle,32,10M,300,msspacev,1,400,99.3,250,408.2,16106.5,48
2024-08-02 05:05:18.534,hnsw_pickle,32,10M,300,msspacev,1,500,99.4,203,508.1,19464.7,48
2024-08-02 05:05:18.914,hnsw_pickle,32,10M,300,msspacev,10,10,80.5,3398,20.5,1892.5,48
2024-08-02 05:05:19.428,hnsw_pickle,32,10M,300,msspacev,10,20,88.0,2497,30.6,2327.7,48
2024-08-02 05:05:20.066,hnsw_pickle,32,10M,300,msspacev,10,30,91.2,1996,40.4,2736.8,48
2024-08-02 05:05:20.948,hnsw_pickle,32,10M,300,msspacev,10,50,94.4,1443,60.1,3530.8,48
2024-08-02 05:05:22.080,hnsw_pickle,32,10M,300,msspacev,10,70,96.0,1122,79.8,4304.2,48
2024-08-02 05:05:23.445,hnsw_pickle,32,10M,300,msspacev,10,90,96.8,932,99.6,5065.5,48
2024-08-02 05:05:24.933,hnsw_pickle,32,10M,300,msspacev,10,100,97.1,853,109.5,5443.7,48
2024-08-02 05:05:27.618,hnsw_pickle,32,10M,300,msspacev,10,200,98.6,470,208.8,9123.5,48
2024-08-02 05:05:31.484,hnsw_pickle,32,10M,300,msspacev,10,300,99.1,325,308.4,12667.7,48
2024-08-02 05:05:36.506,hnsw_pickle,32,10M,300,msspacev,10,400,99.3,251,408.2,16106.5,48
2024-08-02 05:05:42.677,hnsw_pickle,32,10M,300,msspacev,10,500,99.4,204,508.1,19464.7,48
2024-08-02 05:05:44.276,hnsw_pickle,32,10M,300,msspacev,100,100,92.4,851,109.5,5443.7,48
2024-08-02 05:05:47.070,hnsw_pickle,32,10M,300,msspacev,100,200,96.3,469,208.8,9123.5,48
2024-08-02 05:05:51.047,hnsw_pickle,32,10M,300,msspacev,100,300,97.6,326,308.4,12667.7,48
2024-08-02 05:05:56.187,hnsw_pickle,32,10M,300,msspacev,100,400,98.3,250,408.2,16106.5,48
2024-08-02 05:06:02.479,hnsw_pickle,32,10M,300,msspacev,100,500,98.6,204,508.1,19464.7,48
2024-08-02 07:17:28.948,hnsw_pickle,32,10M,500,msspacev,1,1,42.8,2206,8.2,5899.5,48
2024-08-02 07:17:29.600,hnsw_pickle,32,10M,500,msspacev,1,5,74.7,1978,13.8,6208.2,48
2024-08-02 07:17:30.327,hnsw_pickle,32,10M,500,msspacev,1,10,83.5,1771,19.0,6462.2,48
2024-08-02 07:17:31.188,hnsw_pickle,32,10M,500,msspacev,1,20,90.0,1506,29.0,6915.7,48
2024-08-02 07:17:32.184,hnsw_pickle,32,10M,500,msspacev,1,30,93.0,1296,38.9,7348.1,48
2024-08-02 07:17:33.464,hnsw_pickle,32,10M,500,msspacev,1,50,95.6,1004,58.5,8186.1,48
2024-08-02 07:17:35.029,hnsw_pickle,32,10M,500,msspacev,1,70,96.8,819,78.2,9005.6,48
2024-08-02 07:17:36.867,hnsw_pickle,32,10M,500,msspacev,1,90,97.5,695,97.9,9813.4,48
2024-08-02 07:17:38.831,hnsw_pickle,32,10M,500,msspacev,1,100,97.7,649,107.9,10215.0,48
2024-08-02 07:17:41.992,hnsw_pickle,32,10M,500,msspacev,1,200,98.9,403,207.2,14110.8,48
2024-08-02 07:17:46.325,hnsw_pickle,32,10M,500,msspacev,1,300,99.2,293,306.9,17863.7,48
2024-08-02 07:17:51.804,hnsw_pickle,32,10M,500,msspacev,1,400,99.4,231,406.7,21503.0,48
2024-08-02 07:17:58.429,hnsw_pickle,32,10M,500,msspacev,1,500,99.5,191,506.8,25058.4,48
2024-08-02 07:17:59.156,hnsw_pickle,32,10M,500,msspacev,10,10,80.8,1776,19.0,6462.2,48
2024-08-02 07:18:00.024,hnsw_pickle,32,10M,500,msspacev,10,20,88.2,1487,29.0,6915.7,48
2024-08-02 07:18:01.029,hnsw_pickle,32,10M,500,msspacev,10,30,91.6,1281,38.9,7348.1,48
2024-08-02 07:18:02.324,hnsw_pickle,32,10M,500,msspacev,10,50,94.7,991,58.5,8186.1,48
2024-08-02 07:18:03.895,hnsw_pickle,32,10M,500,msspacev,10,70,96.2,815,78.2,9005.6,48
2024-08-02 07:18:05.734,hnsw_pickle,32,10M,500,msspacev,10,90,97.1,694,97.9,9813.4,48
2024-08-02 07:18:07.702,hnsw_pickle,32,10M,500,msspacev,10,100,97.4,650,107.9,10215.0,48
2024-08-02 07:18:10.863,hnsw_pickle,32,10M,500,msspacev,10,200,98.8,402,207.2,14110.8,48
2024-08-02 07:18:15.192,hnsw_pickle,32,10M,500,msspacev,10,300,99.2,294,306.9,17863.7,48
2024-08-02 07:18:20.663,hnsw_pickle,32,10M,500,msspacev,10,400,99.4,231,406.7,21503.0,48
2024-08-02 07:18:27.298,hnsw_pickle,32,10M,500,msspacev,10,500,99.5,191,506.8,25058.4,48
2024-08-02 07:18:29.370,hnsw_pickle,32,10M,500,msspacev,100,100,92.5,650,107.9,10215.0,48
2024-08-02 07:18:32.657,hnsw_pickle,32,10M,500,msspacev,100,200,96.5,399,207.2,14110.8,48
2024-08-02 07:18:37.103,hnsw_pickle,32,10M,500,msspacev,100,300,97.8,292,306.9,17863.7,48
2024-08-02 07:18:42.693,hnsw_pickle,32,10M,500,msspacev,100,400,98.4,230,406.7,21503.0,48
2024-08-02 07:18:49.438,hnsw_pickle,32,10M,500,msspacev,100,500,98.8,190,506.8,25058.4,48
2024-08-02 12:46:28.938,hnsw_pickle,32,1M,100,text2image,1,1,30.0,6639,8.2,272.7,48
2024-08-02 12:46:30.364,hnsw_pickle,32,1M,100,text2image,1,5,59.3,2911,14.0,518.5,48
2024-08-02 12:46:32.426,hnsw_pickle,32,1M,100,text2image,1,10,70.9,2010,19.6,714.8,48
2024-08-02 12:46:35.468,hnsw_pickle,32,1M,100,text2image,1,20,80.6,1346,30.0,1030.5,48
2024-08-02 12:46:39.368,hnsw_pickle,32,1M,100,text2image,1,30,85.3,1048,40.3,1308.6,48
2024-08-02 12:46:44.834,hnsw_pickle,32,1M,100,text2image,1,50,90.1,748,60.6,1810.2,48
2024-08-02 12:46:51.784,hnsw_pickle,32,1M,100,text2image,1,70,92.5,590,80.7,2270.6,48
2024-08-02 12:47:00.114,hnsw_pickle,32,1M,100,text2image,1,90,94.0,491,100.8,2706.4,48
2024-08-02 12:47:09.115,hnsw_pickle,32,1M,100,text2image,1,100,94.6,452,110.9,2917.7,48
2024-08-02 12:47:24.000,hnsw_pickle,32,1M,100,text2image,1,200,97.3,274,211.0,4862.7,48
2024-08-02 12:47:44.393,hnsw_pickle,32,1M,100,text2image,1,300,98.3,198,311.0,6637.3,48
2024-08-02 12:48:10.019,hnsw_pickle,32,1M,100,text2image,1,400,98.8,159,410.8,8303.7,48
2024-08-02 12:48:40.869,hnsw_pickle,32,1M,100,text2image,1,500,99.1,132,510.5,9899.8,48
2024-08-02 12:48:42.807,hnsw_pickle,32,1M,100,text2image,10,10,67.7,2127,19.6,714.8,48
2024-08-02 12:48:45.684,hnsw_pickle,32,1M,100,text2image,10,20,78.2,1428,30.0,1030.5,48
2024-08-02 12:48:49.388,hnsw_pickle,32,1M,100,text2image,10,30,83.4,1107,40.3,1308.6,48
2024-08-02 12:48:54.591,hnsw_pickle,32,1M,100,text2image,10,50,88.7,786,60.6,1810.2,48
2024-08-02 12:49:01.183,hnsw_pickle,32,1M,100,text2image,10,70,91.4,620,80.7,2270.6,48
2024-08-02 12:49:09.112,hnsw_pickle,32,1M,100,text2image,10,90,93.2,515,100.8,2706.4,48
2024-08-02 12:49:17.683,hnsw_pickle,32,1M,100,text2image,10,100,93.9,477,110.9,2917.7,48
2024-08-02 12:49:32.380,hnsw_pickle,32,1M,100,text2image,10,200,97.0,279,211.0,4862.7,48
2024-08-02 12:49:53.244,hnsw_pickle,32,1M,100,text2image,10,300,98.1,196,311.0,6637.3,48
2024-08-02 12:50:19.833,hnsw_pickle,32,1M,100,text2image,10,400,98.7,153,410.8,8303.7,48
2024-08-02 12:50:51.802,hnsw_pickle,32,1M,100,text2image,10,500,99.0,127,510.5,9899.8,48
2024-08-02 12:51:01.087,hnsw_pickle,32,1M,100,text2image,100,100,89.7,459,110.9,2917.7,48
2024-08-02 12:51:16.642,hnsw_pickle,32,1M,100,text2image,100,200,94.9,269,211.0,4862.7,48
2024-08-02 12:51:38.029,hnsw_pickle,32,1M,100,text2image,100,300,96.8,194,311.0,6637.3,48
2024-08-02 12:52:04.977,hnsw_pickle,32,1M,100,text2image,100,400,97.7,153,410.8,8303.7,48
2024-08-02 12:52:37.344,hnsw_pickle,32,1M,100,text2image,100,500,98.3,127,510.5,9899.8,48
2024-08-02 13:12:17.245,hnsw_pickle,32,1M,300,text2image,1,1,32.0,6285,8.5,279.9,48
2024-08-02 13:12:18.666,hnsw_pickle,32,1M,300,text2image,1,5,62.2,2906,14.2,527.6,48
2024-08-02 13:12:20.709,hnsw_pickle,32,1M,300,text2image,1,10,74.0,2010,19.7,726.9,48
2024-08-02 13:12:23.751,hnsw_pickle,32,1M,300,text2image,1,20,83.3,1348,30.0,1051.0,48
2024-08-02 13:12:27.687,hnsw_pickle,32,1M,300,text2image,1,30,87.6,1040,40.1,1337.9,48
2024-08-02 13:12:33.280,hnsw_pickle,32,1M,300,text2image,1,50,91.9,735,60.3,1861.2,48
2024-08-02 13:12:40.362,hnsw_pickle,32,1M,300,text2image,1,70,94.0,577,80.3,2344.8,48
2024-08-02 13:12:48.886,hnsw_pickle,32,1M,300,text2image,1,90,95.3,479,100.3,2801.7,48
2024-08-02 13:12:58.113,hnsw_pickle,32,1M,300,text2image,1,100,95.8,443,110.4,3023.8,48
2024-08-02 13:13:13.848,hnsw_pickle,32,1M,300,text2image,1,200,98.0,257,210.3,5074.7,48
2024-08-02 13:13:35.109,hnsw_pickle,32,1M,300,text2image,1,300,98.8,191,310.1,6943.9,48
2024-08-02 13:14:01.977,hnsw_pickle,32,1M,300,text2image,1,400,99.2,152,409.9,8703.4,48
2024-08-02 13:14:34.302,hnsw_pickle,32,1M,300,text2image,1,500,99.4,126,509.6,10385.7,48
2024-08-02 13:14:36.279,hnsw_pickle,32,1M,300,text2image,10,10,70.4,2082,19.7,726.9,48
2024-08-02 13:14:39.222,hnsw_pickle,32,1M,300,text2image,10,20,80.7,1396,30.0,1051.0,48
2024-08-02 13:14:43.018,hnsw_pickle,32,1M,300,text2image,10,30,85.6,1079,40.1,1337.9,48
2024-08-02 13:14:48.390,hnsw_pickle,32,1M,300,text2image,10,50,90.6,763,60.3,1861.2,48
2024-08-02 13:14:55.225,hnsw_pickle,32,1M,300,text2image,10,70,93.1,598,80.3,2344.8,48
2024-08-02 13:15:03.521,hnsw_pickle,32,1M,300,text2image,10,90,94.6,493,100.3,2801.7,48
2024-08-02 13:15:12.543,hnsw_pickle,32,1M,300,text2image,10,100,95.2,453,110.4,3023.8,48
2024-08-02 13:15:27.997,hnsw_pickle,32,1M,300,text2image,10,200,97.7,264,210.3,5074.7,48
2024-08-02 13:15:49.469,hnsw_pickle,32,1M,300,text2image,10,300,98.6,190,310.1,6943.9,48
2024-08-02 13:16:17.322,hnsw_pickle,32,1M,300,text2image,10,400,99.1,149,409.9,8703.4,48
2024-08-02 13:16:51.742,hnsw_pickle,32,1M,300,text2image,10,500,99.3,118,509.6,10385.7,48
2024-08-02 13:17:01.628,hnsw_pickle,32,1M,300,text2image,100,100,91.2,431,110.4,3023.8,48
2024-08-02 13:17:18.277,hnsw_pickle,32,1M,300,text2image,100,200,95.9,250,210.3,5074.7,48
2024-08-02 13:17:41.185,hnsw_pickle,32,1M,300,text2image,100,300,97.5,181,310.1,6943.9,48
2024-08-02 13:18:10.094,hnsw_pickle,32,1M,300,text2image,100,400,98.3,143,409.9,8703.4,48
2024-08-02 13:18:44.813,hnsw_pickle,32,1M,300,text2image,100,500,98.8,119,509.6,10385.7,48
2024-08-02 13:50:00.455,hnsw_pickle,32,1M,500,text2image,1,1,32.3,6539,8.6,282.7,48
2024-08-02 13:50:01.841,hnsw_pickle,32,1M,500,text2image,1,5,62.8,2980,14.2,530.5,48
2024-08-02 13:50:03.827,hnsw_pickle,32,1M,500,text2image,1,10,74.7,2072,19.7,731.1,48
2024-08-02 13:50:06.799,hnsw_pickle,32,1M,500,text2image,1,20,84.2,1384,30.0,1060.0,48
2024-08-02 13:50:10.639,hnsw_pickle,32,1M,500,text2image,1,30,88.4,1065,40.1,1352.7,48
2024-08-02 13:50:16.111,hnsw_pickle,32,1M,500,text2image,1,50,92.5,746,60.2,1887.5,48
2024-08-02 13:50:23.086,hnsw_pickle,32,1M,500,text2image,1,70,94.6,585,80.2,2384.0,48
2024-08-02 13:50:31.514,hnsw_pickle,32,1M,500,text2image,1,90,95.8,485,100.2,2853.7,48
2024-08-02 13:50:40.624,hnsw_pickle,32,1M,500,text2image,1,100,96.2,448,110.2,3082.4,48
2024-08-02 13:50:56.314,hnsw_pickle,32,1M,500,text2image,1,200,98.3,260,210.1,5191.8,48
2024-08-02 13:51:18.123,hnsw_pickle,32,1M,500,text2image,1,300,99.0,187,309.8,7114.3,48
2024-08-02 13:51:45.794,hnsw_pickle,32,1M,500,text2image,1,400,99.3,147,409.5,8924.9,48
2024-08-02 13:52:19.143,hnsw_pickle,32,1M,500,text2image,1,500,99.5,122,509.3,10655.5,48
2024-08-02 13:52:21.150,hnsw_pickle,32,1M,500,text2image,10,10,71.0,2053,19.7,731.1,48
2024-08-02 13:52:24.143,hnsw_pickle,32,1M,500,text2image,10,20,81.4,1372,30.0,1060.0,48
2024-08-02 13:52:28.012,hnsw_pickle,32,1M,500,text2image,10,30,86.3,1059,40.1,1352.7,48
2024-08-02 13:52:33.492,hnsw_pickle,32,1M,500,text2image,10,50,91.2,746,60.2,1887.5,48
2024-08-02 13:52:40.478,hnsw_pickle,32,1M,500,text2image,10,70,93.6,585,80.2,2384.0,48
2024-08-02 13:52:48.899,hnsw_pickle,32,1M,500,text2image,10,90,95.0,485,100.2,2853.7,48
2024-08-02 13:52:58.100,hnsw_pickle,32,1M,500,text2image,10,100,95.6,443,110.2,3082.4,48
2024-08-02 13:53:13.805,hnsw_pickle,32,1M,500,text2image,10,200,98.0,260,210.1,5191.8,48
2024-08-02 13:53:35.636,hnsw_pickle,32,1M,500,text2image,10,300,98.8,187,309.8,7114.3,48
2024-08-02 13:54:03.328,hnsw_pickle,32,1M,500,text2image,10,400,99.2,147,409.5,8924.9,48
2024-08-02 13:54:36.667,hnsw_pickle,32,1M,500,text2image,10,500,99.4,122,509.3,10655.5,48
2024-08-02 13:54:46.176,hnsw_pickle,32,1M,500,text2image,100,100,91.7,447,110.2,3082.4,48
2024-08-02 13:55:02.280,hnsw_pickle,32,1M,500,text2image,100,200,96.3,260,210.1,5191.8,48
2024-08-02 13:55:24.479,hnsw_pickle,32,1M,500,text2image,100,300,97.8,187,309.8,7114.3,48
2024-08-02 13:55:52.549,hnsw_pickle,32,1M,500,text2image,100,400,98.5,147,409.5,8924.9,48
2024-08-02 13:56:26.329,hnsw_pickle,32,1M,500,text2image,100,500,99.0,122,509.3,10655.5,48
2024-08-02 13:02:17.437,hnsw_pickle,32,10M,100,text2image,1,1,20.7,4307,9.2,330.3,48
2024-08-02 13:02:19.418,hnsw_pickle,32,10M,100,text2image,1,5,47.4,2082,15.5,623.6,48
2024-08-02 13:02:22.243,hnsw_pickle,32,10M,100,text2image,1,10,59.8,1456,21.5,862.6,48
2024-08-02 13:02:26.420,hnsw_pickle,32,10M,100,text2image,1,20,70.9,983,32.2,1243.5,48
2024-08-02 13:02:31.786,hnsw_pickle,32,10M,100,text2image,1,30,76.5,764,42.6,1577.1,48
2024-08-02 13:02:39.344,hnsw_pickle,32,10M,100,text2image,1,50,82.5,542,63.0,2179.7,48
2024-08-02 13:02:48.963,hnsw_pickle,32,10M,100,text2image,1,70,85.8,426,83.4,2735.5,48
2024-08-02 13:03:00.528,hnsw_pickle,32,10M,100,text2image,1,90,88.0,354,103.7,3259.7,48
2024-08-02 13:03:13.025,hnsw_pickle,32,10M,100,text2image,1,100,88.9,327,113.8,3514.4,48
2024-08-02 13:03:34.464,hnsw_pickle,32,10M,100,text2image,1,200,93.4,190,214.9,5851.7,48
2024-08-02 13:04:04.200,hnsw_pickle,32,10M,100,text2image,1,300,95.2,137,315.6,7967.0,48
2024-08-02 13:04:41.876,hnsw_pickle,32,10M,100,text2image,1,400,96.3,108,416.0,9947.7,48
2024-08-02 13:05:27.060,hnsw_pickle,32,10M,100,text2image,1,500,97.0,90,516.4,11838.6,48
2024-08-02 13:05:29.878,hnsw_pickle,32,10M,100,text2image,10,10,56.6,1460,21.5,862.6,48
2024-08-02 13:05:34.030,hnsw_pickle,32,10M,100,text2image,10,20,68.1,991,32.2,1243.5,48
2024-08-02 13:05:39.365,hnsw_pickle,32,10M,100,text2image,10,30,74.2,770,42.6,1577.1,48
2024-08-02 13:05:46.875,hnsw_pickle,32,10M,100,text2image,10,50,80.7,546,63.0,2179.7,48
2024-08-02 13:05:56.407,hnsw_pickle,32,10M,100,text2image,10,70,84.4,429,83.4,2735.5,48
2024-08-02 13:06:07.876,hnsw_pickle,32,10M,100,text2image,10,90,86.8,357,103.7,3259.7,48
2024-08-02 13:06:20.291,hnsw_pickle,32,10M,100,text2image,10,100,87.8,329,113.8,3514.4,48
2024-08-02 13:06:41.549,hnsw_pickle,32,10M,100,text2image,10,200,92.8,192,214.9,5851.7,48
2024-08-02 13:07:11.002,hnsw_pickle,32,10M,100,text2image,10,300,94.9,138,315.6,7967.0,48
2024-08-02 13:07:48.346,hnsw_pickle,32,10M,100,text2image,10,400,96.0,109,416.0,9947.7,48
2024-08-02 13:08:33.032,hnsw_pickle,32,10M,100,text2image,10,500,96.8,91,516.4,11838.6,48
2024-08-02 13:08:45.424,hnsw_pickle,32,10M,100,text2image,100,100,82.7,339,113.8,3514.4,48
2024-08-02 13:09:05.982,hnsw_pickle,32,10M,100,text2image,100,200,89.8,201,214.9,5851.7,48
2024-08-02 13:09:33.717,hnsw_pickle,32,10M,100,text2image,100,300,92.8,148,315.6,7967.0,48
2024-08-02 13:10:07.539,hnsw_pickle,32,10M,100,text2image,100,400,94.4,120,416.0,9947.7,48
2024-08-02 13:10:46.930,hnsw_pickle,32,10M,100,text2image,100,500,95.5,104,516.4,11838.6,48
2024-08-02 13:39:55.087,hnsw_pickle,32,10M,300,text2image,1,1,22.4,4746,9.3,334.9,48
2024-08-02 13:39:56.803,hnsw_pickle,32,10M,300,text2image,1,5,50.1,2401,15.4,625.2,48
2024-08-02 13:39:59.240,hnsw_pickle,32,10M,300,text2image,1,10,62.3,1683,21.1,863.0,48
2024-08-02 13:40:02.858,hnsw_pickle,32,10M,300,text2image,1,20,73.3,1134,31.7,1250.5,48
2024-08-02 13:40:07.516,hnsw_pickle,32,10M,300,text2image,1,30,78.8,879,41.9,1592.2,48
2024-08-02 13:40:14.120,hnsw_pickle,32,10M,300,text2image,1,50,84.6,619,62.3,2218.5,48
2024-08-02 13:40:22.549,hnsw_pickle,32,10M,300,text2image,1,70,87.6,485,82.6,2797.7,48
2024-08-02 13:40:32.764,hnsw_pickle,32,10M,300,text2image,1,90,89.6,399,102.8,3346.6,48
2024-08-02 13:40:43.823,hnsw_pickle,32,10M,300,text2image,1,100,90.3,369,112.9,3612.4,48
2024-08-02 13:41:02.957,hnsw_pickle,32,10M,300,text2image,1,200,94.4,213,213.9,6067.8,48
2024-08-02 13:41:29.647,hnsw_pickle,32,10M,300,text2image,1,300,96.0,152,314.6,8297.5,48
2024-08-02 13:42:03.598,hnsw_pickle,32,10M,300,text2image,1,400,96.9,120,415.0,10386.0,48
2024-08-02 13:42:44.659,hnsw_pickle,32,10M,300,text2image,1,500,97.5,99,515.3,12381.0,48
2024-08-02 13:42:47.128,hnsw_pickle,32,10M,300,text2image,10,10,58.8,1668,21.1,863.0,48
2024-08-02 13:42:50.791,hnsw_pickle,32,10M,300,text2image,10,20,70.3,1122,31.7,1250.5,48
2024-08-02 13:42:55.508,hnsw_pickle,32,10M,300,text2image,10,30,76.2,869,41.9,1592.2,48
2024-08-02 13:43:02.191,hnsw_pickle,32,10M,300,text2image,10,50,82.6,612,62.3,2218.5,48
2024-08-02 13:43:10.722,hnsw_pickle,32,10M,300,text2image,10,70,86.2,479,82.6,2797.7,48
2024-08-02 13:43:21.018,hnsw_pickle,32,10M,300,text2image,10,90,88.4,397,102.8,3346.6,48
2024-08-02 13:43:32.180,hnsw_pickle,32,10M,300,text2image,10,100,89.3,366,112.9,3612.4,48
2024-08-02 13:43:51.469,hnsw_pickle,32,10M,300,text2image,10,200,93.9,211,213.9,6067.8,48
2024-08-02 13:44:18.354,hnsw_pickle,32,10M,300,text2image,10,300,95.8,151,314.6,8297.5,48
2024-08-02 13:44:52.477,hnsw_pickle,32,10M,300,text2image,10,400,96.7,119,415.0,10386.0,48
2024-08-02 13:45:33.673,hnsw_pickle,32,10M,300,text2image,10,500,97.4,99,515.3,12381.0,48
2024-08-02 13:45:45.287,hnsw_pickle,32,10M,300,text2image,100,100,84.4,364,112.9,3612.4,48
2024-08-02 13:46:05.011,hnsw_pickle,32,10M,300,text2image,100,200,91.1,211,213.9,6067.8,48
2024-08-02 13:46:32.346,hnsw_pickle,32,10M,300,text2image,100,300,93.9,151,314.6,8297.5,48
2024-08-02 13:47:06.929,hnsw_pickle,32,10M,300,text2image,100,400,95.4,119,415.0,10386.0,48
2024-08-02 13:47:48.549,hnsw_pickle,32,10M,300,text2image,100,500,96.3,98,515.3,12381.0,48
2024-08-01 17:19:47.594,hnsw_faiss,32,1M,100,bigann,1,1,34.0,15916,0.5,103.2,48
2024-08-01 17:19:47.620,hnsw_faiss,32,1M,100,bigann,1,5,71.6,8263,0.0,275.3,48
2024-08-01 17:19:47.658,hnsw_faiss,32,1M,100,bigann,1,10,84.5,5688,0.0,435.3,48
2024-08-01 17:19:47.716,hnsw_faiss,32,1M,100,bigann,1,20,93.6,3693,0.0,734.6,48
2024-08-01 17:19:47.794,hnsw_faiss,32,1M,100,bigann,1,30,96.1,2709,0.0,1036.0,48
2024-08-01 17:19:47.906,hnsw_faiss,32,1M,100,bigann,1,50,98.4,1872,0.0,1649.9,48
2024-08-01 17:19:48.053,hnsw_faiss,32,1M,100,bigann,1,70,99.2,1429,0.0,2269.8,48
2024-08-01 17:19:48.233,hnsw_faiss,32,1M,100,bigann,1,90,99.5,1164,0.0,2891.9,48
2024-08-01 17:19:48.430,hnsw_faiss,32,1M,100,bigann,1,100,99.6,1065,0.0,3203.1,48
2024-08-01 17:19:48.776,hnsw_faiss,32,1M,100,bigann,1,200,99.9,604,0.0,6313.2,48
2024-08-01 17:19:49.261,hnsw_faiss,32,1M,100,bigann,1,300,100.0,430,0.0,9416.6,48
2024-08-01 17:19:49.873,hnsw_faiss,32,1M,100,bigann,1,400,100.0,341,0.0,12512.8,48
2024-08-01 17:19:50.607,hnsw_faiss,32,1M,100,bigann,1,500,100.0,284,0.0,15602.8,48
2024-08-01 17:19:50.646,hnsw_faiss,32,1M,100,bigann,10,10,75.9,5683,0.0,435.3,48
2024-08-01 17:19:50.705,hnsw_faiss,32,1M,100,bigann,10,20,87.5,3685,0.0,734.6,48
2024-08-01 17:19:50.784,hnsw_faiss,32,1M,100,bigann,10,30,92.4,2702,0.0,1036.0,48
2024-08-01 17:19:50.898,hnsw_faiss,32,1M,100,bigann,10,50,96.5,1871,0.0,1649.9,48
2024-08-01 17:19:51.046,hnsw_faiss,32,1M,100,bigann,10,70,98.0,1430,0.0,2269.8,48
2024-08-01 17:19:51.226,hnsw_faiss,32,1M,100,bigann,10,90,98.8,1165,0.0,2891.9,48
2024-08-01 17:19:51.423,hnsw_faiss,32,1M,100,bigann,10,100,99.0,1068,0.0,3203.1,48
2024-08-01 17:19:51.770,hnsw_faiss,32,1M,100,bigann,10,200,99.8,604,0.0,6313.2,48
2024-08-01 17:19:52.267,hnsw_faiss,32,1M,100,bigann,10,300,99.9,421,0.0,9416.6,48
2024-08-01 17:19:52.897,hnsw_faiss,32,1M,100,bigann,10,400,100.0,332,0.0,12512.8,48
2024-08-01 17:19:53.679,hnsw_faiss,32,1M,100,bigann,10,500,100.0,267,0.0,15602.8,48
2024-08-01 17:19:53.942,hnsw_faiss,32,1M,100,bigann,100,100,94.8,1039,0.0,3203.1,48
2024-08-01 17:19:54.352,hnsw_faiss,32,1M,100,bigann,100,200,98.5,587,0.0,6313.2,48
2024-08-01 17:19:54.902,hnsw_faiss,32,1M,100,bigann,100,300,99.3,422,0.0,9416.6,48
2024-08-01 17:19:55.603,hnsw_faiss,32,1M,100,bigann,100,400,99.6,322,0.0,12512.8,48
2024-08-01 17:19:56.406,hnsw_faiss,32,1M,100,bigann,100,500,99.8,278,0.0,15602.8,48
2024-08-01 17:36:50.655,hnsw_faiss,32,1M,300,bigann,1,1,36.0,10365,0.5,116.0,48
2024-08-01 17:36:50.684,hnsw_faiss,32,1M,300,bigann,1,5,74.2,7479,0.0,319.3,48
2024-08-01 17:36:50.726,hnsw_faiss,32,1M,300,bigann,1,10,87.1,5157,0.0,509.0,48
2024-08-01 17:36:50.790,hnsw_faiss,32,1M,300,bigann,1,20,95.3,3277,0.0,869.0,48
2024-08-01 17:36:50.876,hnsw_faiss,32,1M,300,bigann,1,30,97.7,2469,0.0,1235.7,48
2024-08-01 17:36:51.005,hnsw_faiss,32,1M,300,bigann,1,50,99.4,1628,0.0,1986.3,48
2024-08-01 17:36:51.172,hnsw_faiss,32,1M,300,bigann,1,70,99.7,1256,0.0,2747.3,48
2024-08-01 17:36:51.380,hnsw_faiss,32,1M,300,bigann,1,90,99.8,1006,0.0,3511.4,48
2024-08-01 17:36:51.607,hnsw_faiss,32,1M,300,bigann,1,100,99.8,923,0.0,3893.4,48
2024-08-01 17:36:52.004,hnsw_faiss,32,1M,300,bigann,1,200,99.9,526,0.0,7724.6,48
2024-08-01 17:36:52.558,hnsw_faiss,32,1M,300,bigann,1,300,100.0,376,0.0,11556.2,48
2024-08-01 17:36:53.259,hnsw_faiss,32,1M,300,bigann,1,400,100.0,297,0.0,15389.0,48
2024-08-01 17:36:54.095,hnsw_faiss,32,1M,300,bigann,1,500,100.0,249,0.0,19218.5,48
2024-08-01 17:36:54.138,hnsw_faiss,32,1M,300,bigann,10,10,78.9,5180,0.0,509.0,48
2024-08-01 17:36:54.202,hnsw_faiss,32,1M,300,bigann,10,20,90.1,3330,0.0,869.0,48
2024-08-01 17:36:54.289,hnsw_faiss,32,1M,300,bigann,10,30,94.4,2483,0.0,1235.7,48
2024-08-01 17:36:54.417,hnsw_faiss,32,1M,300,bigann,10,50,97.8,1655,0.0,1986.3,48
2024-08-01 17:36:54.583,hnsw_faiss,32,1M,300,bigann,10,70,99.0,1264,0.0,2747.3,48
2024-08-01 17:36:54.789,hnsw_faiss,32,1M,300,bigann,10,90,99.4,1022,0.0,3511.4,48
2024-08-01 17:36:55.012,hnsw_faiss,32,1M,300,bigann,10,100,99.5,944,0.0,3893.4,48
2024-08-01 17:36:55.405,hnsw_faiss,32,1M,300,bigann,10,200,99.9,532,0.0,7724.6,48
2024-08-01 17:36:55.956,hnsw_faiss,32,1M,300,bigann,10,300,100.0,379,0.0,11556.2,48
2024-08-01 17:36:56.654,hnsw_faiss,32,1M,300,bigann,10,400,100.0,299,0.0,15389.0,48
2024-08-01 17:36:57.486,hnsw_faiss,32,1M,300,bigann,10,500,100.0,251,0.0,19218.5,48
2024-08-01 17:36:57.769,hnsw_faiss,32,1M,300,bigann,100,100,96.7,928,0.0,3893.4,48
2024-08-01 17:36:58.221,hnsw_faiss,32,1M,300,bigann,100,200,99.3,525,0.0,7724.6,48
2024-08-01 17:36:58.828,hnsw_faiss,32,1M,300,bigann,100,300,99.8,377,0.0,11556.2,48
2024-08-01 17:36:59.582,hnsw_faiss,32,1M,300,bigann,100,400,99.9,298,0.0,15389.0,48
2024-08-01 17:37:00.475,hnsw_faiss,32,1M,300,bigann,100,500,99.9,248,0.0,19218.5,48
2024-08-01 18:16:44.335,hnsw_faiss,32,1M,500,bigann,1,1,36.2,9415,0.5,118.9,48
2024-08-01 18:16:44.366,hnsw_faiss,32,1M,500,bigann,1,5,74.4,7189,0.0,332.0,48
2024-08-01 18:16:44.409,hnsw_faiss,32,1M,500,bigann,1,10,87.5,4904,0.0,532.7,48
2024-08-01 18:16:44.477,hnsw_faiss,32,1M,500,bigann,1,20,95.5,3146,0.0,910.5,48
2024-08-01 18:16:44.568,hnsw_faiss,32,1M,500,bigann,1,30,98.0,2336,0.0,1296.8,48
2024-08-01 18:16:44.703,hnsw_faiss,32,1M,500,bigann,1,50,99.3,1561,0.0,2089.5,48
2024-08-01 18:16:44.880,hnsw_faiss,32,1M,500,bigann,1,70,99.6,1181,0.0,2893.9,48
2024-08-01 18:16:45.099,hnsw_faiss,32,1M,500,bigann,1,90,99.8,960,0.0,3701.3,48
2024-08-01 18:16:45.336,hnsw_faiss,32,1M,500,bigann,1,100,99.9,881,0.0,4106.1,48
2024-08-01 18:16:45.757,hnsw_faiss,32,1M,500,bigann,1,200,100.0,496,0.0,8158.2,48
2024-08-01 18:16:46.345,hnsw_faiss,32,1M,500,bigann,1,300,100.0,355,0.0,12216.0,48
2024-08-01 18:16:47.088,hnsw_faiss,32,1M,500,bigann,1,400,100.0,280,0.0,16277.5,48
2024-08-01 18:16:47.979,hnsw_faiss,32,1M,500,bigann,1,500,100.0,234,0.0,20338.4,48
2024-08-01 18:16:48.025,hnsw_faiss,32,1M,500,bigann,10,10,79.3,4883,0.0,532.7,48
2024-08-01 18:16:48.094,hnsw_faiss,32,1M,500,bigann,10,20,90.4,3129,0.0,910.5,48
2024-08-01 18:16:48.186,hnsw_faiss,32,1M,500,bigann,10,30,94.7,2326,0.0,1296.8,48
2024-08-01 18:16:48.322,hnsw_faiss,32,1M,500,bigann,10,50,97.9,1556,0.0,2089.5,48
2024-08-01 18:16:48.500,hnsw_faiss,32,1M,500,bigann,10,70,99.0,1181,0.0,2893.9,48
2024-08-01 18:16:48.720,hnsw_faiss,32,1M,500,bigann,10,90,99.5,956,0.0,3701.3,48
2024-08-01 18:16:48.960,hnsw_faiss,32,1M,500,bigann,10,100,99.6,876,0.0,4106.1,48
2024-08-01 18:16:49.383,hnsw_faiss,32,1M,500,bigann,10,200,99.9,495,0.0,8158.2,48
2024-08-01 18:16:49.985,hnsw_faiss,32,1M,500,bigann,10,300,100.0,347,0.0,12216.0,48
2024-08-01 18:16:50.719,hnsw_faiss,32,1M,500,bigann,10,400,100.0,284,0.0,16277.5,48
2024-08-01 18:16:51.604,hnsw_faiss,32,1M,500,bigann,10,500,100.0,235,0.0,20338.4,48
2024-08-01 18:16:51.898,hnsw_faiss,32,1M,500,bigann,100,100,97.0,887,0.0,4106.1,48
2024-08-01 18:16:52.372,hnsw_faiss,32,1M,500,bigann,100,200,99.4,497,0.0,8158.2,48
2024-08-01 18:16:53.012,hnsw_faiss,32,1M,500,bigann,100,300,99.8,355,0.0,12216.0,48
2024-08-01 18:16:53.803,hnsw_faiss,32,1M,500,bigann,100,400,99.9,282,0.0,16277.5,48
2024-08-01 18:16:54.741,hnsw_faiss,32,1M,500,bigann,100,500,100.0,235,0.0,20338.4,48
2024-08-01 17:28:20.964,hnsw_faiss,32,10M,100,bigann,1,1,27.8,8050,0.5,111.5,48
2024-08-01 17:28:21.004,hnsw_faiss,32,10M,100,bigann,1,5,62.4,5416,0.0,309.8,48
2024-08-01 17:28:21.058,hnsw_faiss,32,10M,100,bigann,1,10,77.1,3906,0.0,492.7,48
2024-08-01 17:28:21.138,hnsw_faiss,32,10M,100,bigann,1,20,88.2,2657,0.0,823.4,48
2024-08-01 17:28:21.239,hnsw_faiss,32,10M,100,bigann,1,30,92.6,2068,0.0,1148.1,48
2024-08-01 17:28:21.386,hnsw_faiss,32,10M,100,bigann,1,50,96.3,1429,0.0,1807.1,48
2024-08-01 17:28:21.577,hnsw_faiss,32,10M,100,bigann,1,70,97.7,1098,0.0,2472.4,48
2024-08-01 17:28:21.811,hnsw_faiss,32,10M,100,bigann,1,90,98.4,895,0.0,3141.4,48
2024-08-01 17:28:22.069,hnsw_faiss,32,10M,100,bigann,1,100,98.7,810,0.0,3474.8,48
2024-08-01 17:28:22.523,hnsw_faiss,32,10M,100,bigann,1,200,99.6,460,0.0,6817.5,48
2024-08-01 17:28:23.171,hnsw_faiss,32,10M,100,bigann,1,300,99.8,322,0.0,10151.6,48
2024-08-01 17:28:23.987,hnsw_faiss,32,10M,100,bigann,1,400,99.9,255,0.0,13474.0,48
2024-08-01 17:28:24.976,hnsw_faiss,32,10M,100,bigann,1,500,100.0,211,0.0,16784.9,48
2024-08-01 17:28:25.031,hnsw_faiss,32,10M,100,bigann,10,10,68.2,3940,0.0,492.7,48
2024-08-01 17:28:25.112,hnsw_faiss,32,10M,100,bigann,10,20,81.1,2651,0.0,823.4,48
2024-08-01 17:28:25.215,hnsw_faiss,32,10M,100,bigann,10,30,87.2,2068,0.0,1148.1,48
2024-08-01 17:28:25.363,hnsw_faiss,32,10M,100,bigann,10,50,92.8,1432,0.0,1807.1,48
2024-08-01 17:28:25.554,hnsw_faiss,32,10M,100,bigann,10,70,95.4,1100,0.0,2472.4,48
2024-08-01 17:28:25.788,hnsw_faiss,32,10M,100,bigann,10,90,96.9,898,0.0,3141.4,48
2024-08-01 17:28:26.052,hnsw_faiss,32,10M,100,bigann,10,100,97.4,797,0.0,3474.8,48
2024-08-01 17:28:26.505,hnsw_faiss,32,10M,100,bigann,10,200,99.2,462,0.0,6817.5,48
2024-08-01 17:28:27.143,hnsw_faiss,32,10M,100,bigann,10,300,99.6,327,0.0,10151.6,48
2024-08-01 17:28:27.958,hnsw_faiss,32,10M,100,bigann,10,400,99.8,256,0.0,13474.0,48
2024-08-01 17:28:28.945,hnsw_faiss,32,10M,100,bigann,10,500,99.9,211,0.0,16784.9,48
2024-08-01 17:28:29.270,hnsw_faiss,32,10M,100,bigann,100,100,90.7,781,0.0,3474.8,48
2024-08-01 17:28:29.779,hnsw_faiss,32,10M,100,bigann,100,200,96.4,459,0.0,6817.5,48
2024-08-01 17:28:30.474,hnsw_faiss,32,10M,100,bigann,100,300,98.1,326,0.0,10151.6,48
2024-08-01 17:28:31.353,hnsw_faiss,32,10M,100,bigann,100,400,98.9,252,0.0,13474.0,48
2024-08-01 17:28:32.412,hnsw_faiss,32,10M,100,bigann,100,500,99.2,207,0.0,16784.9,48
2024-08-01 18:00:11.782,hnsw_faiss,32,10M,300,bigann,1,1,29.2,6325,0.5,126.7,48
2024-08-01 18:00:11.828,hnsw_faiss,32,10M,300,bigann,1,5,66.7,4688,0.0,360.7,48
2024-08-01 18:00:11.890,hnsw_faiss,32,10M,300,bigann,1,10,80.9,3386,0.0,578.6,48
2024-08-01 18:00:11.983,hnsw_faiss,32,10M,300,bigann,1,20,91.2,2285,0.0,977.5,48
2024-08-01 18:00:12.104,hnsw_faiss,32,10M,300,bigann,1,30,95.1,1741,0.0,1376.5,48
2024-08-01 18:00:12.281,hnsw_faiss,32,10M,300,bigann,1,50,98.0,1183,0.0,2188.1,48
2024-08-01 18:00:12.510,hnsw_faiss,32,10M,300,bigann,1,70,98.9,912,0.0,3011.8,48
2024-08-01 18:00:12.792,hnsw_faiss,32,10M,300,bigann,1,90,99.4,742,0.0,3839.8,48
2024-08-01 18:00:13.099,hnsw_faiss,32,10M,300,bigann,1,100,99.4,680,0.0,4254.6,48
2024-08-01 18:00:13.649,hnsw_faiss,32,10M,300,bigann,1,200,99.9,379,0.0,8410.4,48
2024-08-01 18:00:14.424,hnsw_faiss,32,10M,300,bigann,1,300,100.0,269,0.0,12565.6,48
2024-08-01 18:00:15.421,hnsw_faiss,32,10M,300,bigann,1,400,100.0,209,0.0,16715.5,48
2024-08-01 18:00:16.627,hnsw_faiss,32,10M,300,bigann,1,500,100.0,172,0.0,20859.8,48
2024-08-01 18:00:16.691,hnsw_faiss,32,10M,300,bigann,10,10,72.0,3384,0.0,578.6,48
2024-08-01 18:00:16.784,hnsw_faiss,32,10M,300,bigann,10,20,84.8,2296,0.0,977.5,48
2024-08-01 18:00:16.907,hnsw_faiss,32,10M,300,bigann,10,30,90.6,1733,0.0,1376.5,48
2024-08-01 18:00:17.084,hnsw_faiss,32,10M,300,bigann,10,50,95.4,1186,0.0,2188.1,48
2024-08-01 18:00:17.316,hnsw_faiss,32,10M,300,bigann,10,70,97.4,908,0.0,3011.8,48
2024-08-01 18:00:17.600,hnsw_faiss,32,10M,300,bigann,10,90,98.3,739,0.0,3839.8,48
2024-08-01 18:00:17.909,hnsw_faiss,32,10M,300,bigann,10,100,98.6,677,0.0,4254.6,48
2024-08-01 18:00:18.463,hnsw_faiss,32,10M,300,bigann,10,200,99.7,377,0.0,8410.4,48
2024-08-01 18:00:19.243,hnsw_faiss,32,10M,300,bigann,10,300,99.9,267,0.0,12565.6,48
2024-08-01 18:00:20.240,hnsw_faiss,32,10M,300,bigann,10,400,99.9,209,0.0,16715.5,48
2024-08-01 18:00:21.446,hnsw_faiss,32,10M,300,bigann,10,500,100.0,173,0.0,20859.8,48
2024-08-01 18:00:21.811,hnsw_faiss,32,10M,300,bigann,100,100,93.9,677,0.0,4254.6,48
2024-08-01 18:00:22.419,hnsw_faiss,32,10M,300,bigann,100,200,98.2,377,0.0,8410.4,48
2024-08-01 18:00:23.250,hnsw_faiss,32,10M,300,bigann,100,300,99.2,268,0.0,12565.6,48
2024-08-01 18:00:24.296,hnsw_faiss,32,10M,300,bigann,100,400,99.6,210,0.0,16715.5,48
2024-08-01 18:00:25.550,hnsw_faiss,32,10M,300,bigann,100,500,99.7,173,0.0,20859.8,48
2024-08-01 18:53:53.000,hnsw_faiss,32,10M,500,bigann,1,1,28.7,5593,0.5,130.5,48
2024-08-01 18:53:53.050,hnsw_faiss,32,10M,500,bigann,1,5,66.8,4315,0.0,375.5,48
2024-08-01 18:53:53.119,hnsw_faiss,32,10M,500,bigann,1,10,81.7,3092,0.0,604.9,48
2024-08-01 18:53:53.221,hnsw_faiss,32,10M,500,bigann,1,20,92.0,2063,0.0,1023.2,48
2024-08-01 18:53:53.355,hnsw_faiss,32,10M,500,bigann,1,30,95.5,1574,0.0,1444.6,48
2024-08-01 18:53:53.551,hnsw_faiss,32,10M,500,bigann,1,50,98.3,1073,0.0,2302.7,48
2024-08-01 18:53:53.806,hnsw_faiss,32,10M,500,bigann,1,70,99.1,819,0.0,3175.3,48
2024-08-01 18:53:54.120,hnsw_faiss,32,10M,500,bigann,1,90,99.4,666,0.0,4050.9,48
2024-08-01 18:53:54.464,hnsw_faiss,32,10M,500,bigann,1,100,99.5,608,0.0,4489.4,48
2024-08-01 18:53:55.078,hnsw_faiss,32,10M,500,bigann,1,200,99.9,339,0.0,8888.3,48
2024-08-01 18:53:55.945,hnsw_faiss,32,10M,500,bigann,1,300,100.0,240,0.0,13291.3,48
2024-08-01 18:53:57.052,hnsw_faiss,32,10M,500,bigann,1,400,100.0,188,0.0,17689.5,48
2024-08-01 18:53:58.391,hnsw_faiss,32,10M,500,bigann,1,500,100.0,155,0.0,22085.7,48
2024-08-01 18:53:58.460,hnsw_faiss,32,10M,500,bigann,10,10,72.5,3120,0.0,604.9,48
2024-08-01 18:53:58.563,hnsw_faiss,32,10M,500,bigann,10,20,85.2,2082,0.0,1023.2,48
2024-08-01 18:53:58.697,hnsw_faiss,32,10M,500,bigann,10,30,91.0,1576,0.0,1444.6,48
2024-08-01 18:53:58.894,hnsw_faiss,32,10M,500,bigann,10,50,95.7,1072,0.0,2302.7,48
2024-08-01 18:53:59.151,hnsw_faiss,32,10M,500,bigann,10,70,97.6,817,0.0,3175.3,48
2024-08-01 18:53:59.466,hnsw_faiss,32,10M,500,bigann,10,90,98.5,664,0.0,4050.9,48
2024-08-01 18:53:59.810,hnsw_faiss,32,10M,500,bigann,10,100,98.8,608,0.0,4489.4,48
2024-08-01 18:54:00.426,hnsw_faiss,32,10M,500,bigann,10,200,99.8,339,0.0,8888.3,48
2024-08-01 18:54:01.295,hnsw_faiss,32,10M,500,bigann,10,300,99.9,240,0.0,13291.3,48
2024-08-01 18:54:02.404,hnsw_faiss,32,10M,500,bigann,10,400,100.0,188,0.0,17689.5,48
2024-08-01 18:54:03.741,hnsw_faiss,32,10M,500,bigann,10,500,100.0,156,0.0,22085.7,48
2024-08-01 18:54:04.149,hnsw_faiss,32,10M,500,bigann,100,100,94.3,594,0.0,4489.4,48
2024-08-01 18:54:04.822,hnsw_faiss,32,10M,500,bigann,100,200,98.4,337,0.0,8888.3,48
2024-08-01 18:54:05.764,hnsw_faiss,32,10M,500,bigann,100,300,99.4,236,0.0,13291.3,48
2024-08-01 18:54:06.954,hnsw_faiss,32,10M,500,bigann,100,400,99.7,184,0.0,17689.5,48
2024-08-01 18:54:08.346,hnsw_faiss,32,10M,500,bigann,100,500,99.8,155,0.0,22085.7,48
2024-08-01 19:15:20.071,hnsw_faiss,32,1M,100,deep,1,1,34.5,10384,0.5,101.1,48
2024-08-01 19:15:20.092,hnsw_faiss,32,1M,100,deep,1,5,70.3,10474,0.0,266.7,48
2024-08-01 19:15:20.122,hnsw_faiss,32,1M,100,deep,1,10,82.7,7172,0.0,419.3,48
2024-08-01 19:15:20.168,hnsw_faiss,32,1M,100,deep,1,20,91.7,4652,0.0,709.8,48
2024-08-01 19:15:20.228,hnsw_faiss,32,1M,100,deep,1,30,94.8,3526,0.0,998.6,48
2024-08-01 19:15:20.316,hnsw_faiss,32,1M,100,deep,1,50,97.3,2416,0.0,1584.4,48
2024-08-01 19:15:20.429,hnsw_faiss,32,1M,100,deep,1,70,98.5,1855,0.0,2172.3,48
2024-08-01 19:15:20.566,hnsw_faiss,32,1M,100,deep,1,90,98.9,1530,0.0,2762.2,48
2024-08-01 19:15:20.714,hnsw_faiss,32,1M,100,deep,1,100,99.0,1423,0.0,3056.7,48
2024-08-01 19:15:20.971,hnsw_faiss,32,1M,100,deep,1,200,99.7,814,0.0,5991.0,48
2024-08-01 19:15:21.328,hnsw_faiss,32,1M,100,deep,1,300,99.9,584,0.0,8905.6,48
2024-08-01 19:15:21.779,hnsw_faiss,32,1M,100,deep,1,400,99.9,464,0.0,11802.6,48
2024-08-01 19:15:22.319,hnsw_faiss,32,1M,100,deep,1,500,100.0,386,0.0,14686.6,48
2024-08-01 19:15:22.349,hnsw_faiss,32,1M,100,deep,10,10,75.0,7491,0.0,419.3,48
2024-08-01 19:15:22.395,hnsw_faiss,32,1M,100,deep,10,20,86.4,4781,0.0,709.8,48
2024-08-01 19:15:22.452,hnsw_faiss,32,1M,100,deep,10,30,91.0,3835,0.0,998.6,48
2024-08-01 19:15:22.533,hnsw_faiss,32,1M,100,deep,10,50,95.1,2643,0.0,1584.4,48
2024-08-01 19:15:22.638,hnsw_faiss,32,1M,100,deep,10,70,96.9,2031,0.0,2172.3,48
2024-08-01 19:15:22.765,hnsw_faiss,32,1M,100,deep,10,90,97.8,1659,0.0,2762.2,48
2024-08-01 19:15:22.904,hnsw_faiss,32,1M,100,deep,10,100,98.1,1527,0.0,3056.7,48
2024-08-01 19:15:23.146,hnsw_faiss,32,1M,100,deep,10,200,99.4,868,0.0,5991.0,48
2024-08-01 19:15:23.482,hnsw_faiss,32,1M,100,deep,10,300,99.6,623,0.0,8905.6,48
2024-08-01 19:15:23.907,hnsw_faiss,32,1M,100,deep,10,400,99.8,492,0.0,11802.6,48
2024-08-01 19:15:24.417,hnsw_faiss,32,1M,100,deep,10,500,99.8,410,0.0,14686.6,48
2024-08-01 19:15:24.627,hnsw_faiss,32,1M,100,deep,100,100,93.5,1407,0.0,3056.7,48
2024-08-01 19:15:24.954,hnsw_faiss,32,1M,100,deep,100,200,97.5,767,0.0,5991.0,48
2024-08-01 19:15:25.393,hnsw_faiss,32,1M,100,deep,100,300,98.7,543,0.0,8905.6,48
2024-08-01 19:15:25.915,hnsw_faiss,32,1M,100,deep,100,400,99.2,446,0.0,11802.6,48
2024-08-01 19:15:26.529,hnsw_faiss,32,1M,100,deep,100,500,99.4,372,0.0,14686.6,48
2024-08-01 19:43:08.911,hnsw_faiss,32,1M,300,deep,1,1,36.5,19461,0.5,114.5,48
2024-08-01 19:43:08.934,hnsw_faiss,32,1M,300,deep,1,5,73.5,9331,0.0,313.6,48
2024-08-01 19:43:08.967,hnsw_faiss,32,1M,300,deep,1,10,86.0,6523,0.0,499.0,48
2024-08-01 19:43:09.019,hnsw_faiss,32,1M,300,deep,1,20,94.1,4163,0.0,854.4,48
2024-08-01 19:43:09.086,hnsw_faiss,32,1M,300,deep,1,30,96.8,3147,0.0,1214.0,48
2024-08-01 19:43:09.185,hnsw_faiss,32,1M,300,deep,1,50,98.8,2128,0.0,1945.2,48
2024-08-01 19:43:09.310,hnsw_faiss,32,1M,300,deep,1,70,99.4,1681,0.0,2682.8,48
2024-08-01 19:43:09.469,hnsw_faiss,32,1M,300,deep,1,90,99.7,1323,0.0,3423.1,48
2024-08-01 19:43:09.641,hnsw_faiss,32,1M,300,deep,1,100,99.7,1215,0.0,3792.7,48
2024-08-01 19:43:09.944,hnsw_faiss,32,1M,300,deep,1,200,99.9,690,0.0,7490.7,48
2024-08-01 19:43:10.366,hnsw_faiss,32,1M,300,deep,1,300,100.0,495,0.0,11178.8,48
2024-08-01 19:43:10.897,hnsw_faiss,32,1M,300,deep,1,400,100.0,392,0.0,14857.6,48
2024-08-01 19:43:11.536,hnsw_faiss,32,1M,300,deep,1,500,100.0,326,0.0,18528.4,48
2024-08-01 19:43:11.571,hnsw_faiss,32,1M,300,deep,10,10,78.2,6375,0.0,499.0,48
2024-08-01 19:43:11.621,hnsw_faiss,32,1M,300,deep,10,20,89.2,4400,0.0,854.4,48
2024-08-01 19:43:11.689,hnsw_faiss,32,1M,300,deep,10,30,93.6,3159,0.0,1214.0,48
2024-08-01 19:43:11.789,hnsw_faiss,32,1M,300,deep,10,50,97.0,2134,0.0,1945.2,48
2024-08-01 19:43:11.919,hnsw_faiss,32,1M,300,deep,10,70,98.3,1623,0.0,2682.8,48
2024-08-01 19:43:12.079,hnsw_faiss,32,1M,300,deep,10,90,99.0,1324,0.0,3423.1,48
2024-08-01 19:43:12.252,hnsw_faiss,32,1M,300,deep,10,100,99.1,1214,0.0,3792.7,48
2024-08-01 19:43:12.556,hnsw_faiss,32,1M,300,deep,10,200,99.8,690,0.0,7490.7,48
2024-08-01 19:43:12.979,hnsw_faiss,32,1M,300,deep,10,300,99.9,495,0.0,11178.8,48
2024-08-01 19:43:13.513,hnsw_faiss,32,1M,300,deep,10,400,99.9,392,0.0,14857.6,48
2024-08-01 19:43:14.152,hnsw_faiss,32,1M,300,deep,10,500,100.0,327,0.0,18528.4,48
2024-08-01 19:43:14.387,hnsw_faiss,32,1M,300,deep,100,100,95.9,1200,0.0,3792.7,48
2024-08-01 19:43:14.746,hnsw_faiss,32,1M,300,deep,100,200,98.8,685,0.0,7490.7,48
2024-08-01 19:43:15.223,hnsw_faiss,32,1M,300,deep,100,300,99.5,494,0.0,11178.8,48
2024-08-01 19:43:15.812,hnsw_faiss,32,1M,300,deep,100,400,99.7,391,0.0,14857.6,48
2024-08-01 19:43:16.512,hnsw_faiss,32,1M,300,deep,100,500,99.8,324,0.0,18528.4,48
2024-08-01 20:30:55.044,hnsw_faiss,32,1M,500,deep,1,1,36.2,13891,0.5,119.6,48
2024-08-01 20:30:55.067,hnsw_faiss,32,1M,500,deep,1,5,73.9,9591,0.0,329.8,48
2024-08-01 20:30:55.101,hnsw_faiss,32,1M,500,deep,1,10,86.4,6330,0.0,527.5,48
2024-08-01 20:30:55.153,hnsw_faiss,32,1M,500,deep,1,20,94.7,4089,0.0,905.8,48
2024-08-01 20:30:55.222,hnsw_faiss,32,1M,500,deep,1,30,97.1,3043,0.0,1289.7,48
2024-08-01 20:30:55.325,hnsw_faiss,32,1M,500,deep,1,50,98.9,2054,0.0,2070.8,48
2024-08-01 20:30:55.459,hnsw_faiss,32,1M,500,deep,1,70,99.5,1561,0.0,2860.6,48
2024-08-01 20:30:55.624,hnsw_faiss,32,1M,500,deep,1,90,99.8,1272,0.0,3652.9,48
2024-08-01 20:30:55.803,hnsw_faiss,32,1M,500,deep,1,100,99.8,1167,0.0,4048.6,48
2024-08-01 20:30:56.120,hnsw_faiss,32,1M,500,deep,1,200,100.0,660,0.0,8011.2,48
2024-08-01 20:30:56.561,hnsw_faiss,32,1M,500,deep,1,300,100.0,473,0.0,11966.4,48
2024-08-01 20:30:57.118,hnsw_faiss,32,1M,500,deep,1,400,100.0,375,0.0,15913.7,48
2024-08-01 20:30:57.768,hnsw_faiss,32,1M,500,deep,1,500,100.0,320,0.0,19854.4,48
2024-08-01 20:30:57.803,hnsw_faiss,32,1M,500,deep,10,10,78.6,6330,0.0,527.5,48
2024-08-01 20:30:57.856,hnsw_faiss,32,1M,500,deep,10,20,89.6,4094,0.0,905.8,48
2024-08-01 20:30:57.927,hnsw_faiss,32,1M,500,deep,10,30,94.0,3032,0.0,1289.7,48
2024-08-01 20:30:58.030,hnsw_faiss,32,1M,500,deep,10,50,97.3,2057,0.0,2070.8,48
2024-08-01 20:30:58.166,hnsw_faiss,32,1M,500,deep,10,70,98.6,1559,0.0,2860.6,48
2024-08-01 20:30:58.332,hnsw_faiss,32,1M,500,deep,10,90,99.1,1270,0.0,3652.9,48
2024-08-01 20:30:58.513,hnsw_faiss,32,1M,500,deep,10,100,99.3,1163,0.0,4048.6,48
2024-08-01 20:30:58.830,hnsw_faiss,32,1M,500,deep,10,200,99.8,660,0.0,8011.2,48
2024-08-01 20:30:59.273,hnsw_faiss,32,1M,500,deep,10,300,99.9,472,0.0,11966.4,48
2024-08-01 20:30:59.831,hnsw_faiss,32,1M,500,deep,10,400,100.0,374,0.0,15913.7,48
2024-08-01 20:31:00.502,hnsw_faiss,32,1M,500,deep,10,500,100.0,311,0.0,19854.4,48
2024-08-01 20:31:00.744,hnsw_faiss,32,1M,500,deep,100,100,96.3,1147,0.0,4048.6,48
2024-08-01 20:31:01.118,hnsw_faiss,32,1M,500,deep,100,200,99.0,653,0.0,8011.2,48
2024-08-01 20:31:01.616,hnsw_faiss,32,1M,500,deep,100,300,99.6,470,0.0,11966.4,48
2024-08-01 20:31:02.235,hnsw_faiss,32,1M,500,deep,100,400,99.8,371,0.0,15913.7,48
2024-08-01 20:31:02.962,hnsw_faiss,32,1M,500,deep,100,500,99.9,310,0.0,19854.4,48
2024-08-01 19:24:35.052,hnsw_faiss,32,10M,100,deep,1,1,27.5,9458,0.5,108.8,48
2024-08-01 19:24:35.084,hnsw_faiss,32,10M,100,deep,1,5,61.5,6863,0.0,304.6,48
2024-08-01 19:24:35.125,hnsw_faiss,32,10M,100,deep,1,10,75.3,5133,0.0,484.6,48
2024-08-01 19:24:35.186,hnsw_faiss,32,10M,100,deep,1,20,85.5,3490,0.0,807.9,48
2024-08-01 19:24:35.265,hnsw_faiss,32,10M,100,deep,1,30,89.8,2671,0.0,1128.2,48
2024-08-01 19:24:35.378,hnsw_faiss,32,10M,100,deep,1,50,94.1,1870,0.0,1768.7,48
2024-08-01 19:24:35.524,hnsw_faiss,32,10M,100,deep,1,70,96.0,1436,0.0,2415.5,48
2024-08-01 19:24:35.701,hnsw_faiss,32,10M,100,deep,1,90,97.0,1182,0.0,3063.0,48
2024-08-01 19:24:35.894,hnsw_faiss,32,10M,100,deep,1,100,97.4,1088,0.0,3387.5,48
2024-08-01 19:24:36.237,hnsw_faiss,32,10M,100,deep,1,200,98.9,608,0.0,6612.7,48
2024-08-01 19:24:36.720,hnsw_faiss,32,10M,100,deep,1,300,99.3,432,0.0,9816.1,48
2024-08-01 19:24:37.335,hnsw_faiss,32,10M,100,deep,1,400,99.6,339,0.0,13003.7,48
2024-08-01 19:24:38.077,hnsw_faiss,32,10M,100,deep,1,500,99.6,281,0.0,16177.9,48
2024-08-01 19:24:38.121,hnsw_faiss,32,10M,100,deep,10,10,67.2,5071,0.0,484.6,48
2024-08-01 19:24:38.183,hnsw_faiss,32,10M,100,deep,10,20,79.5,3493,0.0,807.9,48
2024-08-01 19:24:38.269,hnsw_faiss,32,10M,100,deep,10,30,85.4,2495,0.0,1128.2,48
2024-08-01 19:24:38.382,hnsw_faiss,32,10M,100,deep,10,50,91.1,1867,0.0,1768.7,48
2024-08-01 19:24:38.530,hnsw_faiss,32,10M,100,deep,10,70,93.8,1435,0.0,2415.5,48
2024-08-01 19:24:38.709,hnsw_faiss,32,10M,100,deep,10,90,95.3,1174,0.0,3063.0,48
2024-08-01 19:24:38.903,hnsw_faiss,32,10M,100,deep,10,100,95.9,1084,0.0,3387.5,48
2024-08-01 19:24:39.246,hnsw_faiss,32,10M,100,deep,10,200,98.3,610,0.0,6612.7,48
2024-08-01 19:24:39.730,hnsw_faiss,32,10M,100,deep,10,300,99.0,432,0.0,9816.1,48
2024-08-01 19:24:40.346,hnsw_faiss,32,10M,100,deep,10,400,99.3,339,0.0,13003.7,48
2024-08-01 19:24:41.093,hnsw_faiss,32,10M,100,deep,10,500,99.5,279,0.0,16177.9,48
2024-08-01 19:24:41.345,hnsw_faiss,32,10M,100,deep,100,100,88.9,1076,0.0,3387.5,48
2024-08-01 19:24:41.746,hnsw_faiss,32,10M,100,deep,100,200,94.9,605,0.0,6612.7,48
2024-08-01 19:24:42.282,hnsw_faiss,32,10M,100,deep,100,300,96.9,434,0.0,9816.1,48
2024-08-01 19:24:42.949,hnsw_faiss,32,10M,100,deep,100,400,97.9,340,0.0,13003.7,48
2024-08-01 19:24:43.741,hnsw_faiss,32,10M,100,deep,100,500,98.5,282,0.0,16177.9,48
2024-08-01 20:07:17.366,hnsw_faiss,32,10M,300,deep,1,1,29.0,5847,0.5,123.5,48
2024-08-01 20:07:17.403,hnsw_faiss,32,10M,300,deep,1,5,65.5,5807,0.0,360.1,48
2024-08-01 20:07:17.453,hnsw_faiss,32,10M,300,deep,1,10,79.4,4328,0.0,576.7,48
2024-08-01 20:07:17.525,hnsw_faiss,32,10M,300,deep,1,20,89.2,2919,0.0,975.3,48
2024-08-01 20:07:17.621,hnsw_faiss,32,10M,300,deep,1,30,93.2,2192,0.0,1369.5,48
2024-08-01 20:07:17.761,hnsw_faiss,32,10M,300,deep,1,50,96.5,1509,0.0,2171.3,48
2024-08-01 20:07:17.940,hnsw_faiss,32,10M,300,deep,1,70,97.8,1166,0.0,2983.0,48
2024-08-01 20:07:18.160,hnsw_faiss,32,10M,300,deep,1,90,98.5,952,0.0,3797.6,48
2024-08-01 20:07:18.401,hnsw_faiss,32,10M,300,deep,1,100,98.7,868,0.0,4205.9,48
2024-08-01 20:07:18.828,hnsw_faiss,32,10M,300,deep,1,200,99.5,489,0.0,8288.7,48
2024-08-01 20:07:19.434,hnsw_faiss,32,10M,300,deep,1,300,99.8,344,0.0,12357.1,48
2024-08-01 20:07:20.203,hnsw_faiss,32,10M,300,deep,1,400,99.8,271,0.0,16413.3,48
2024-08-01 20:07:21.145,hnsw_faiss,32,10M,300,deep,1,500,99.8,221,0.0,20465.3,48
2024-08-01 20:07:21.196,hnsw_faiss,32,10M,300,deep,10,10,70.7,4341,0.0,576.7,48
2024-08-01 20:07:21.270,hnsw_faiss,32,10M,300,deep,10,20,83.5,2913,0.0,975.3,48
2024-08-01 20:07:21.365,hnsw_faiss,32,10M,300,deep,10,30,89.0,2246,0.0,1369.5,48
2024-08-01 20:07:21.502,hnsw_faiss,32,10M,300,deep,10,50,94.1,1535,0.0,2171.3,48
2024-08-01 20:07:21.680,hnsw_faiss,32,10M,300,deep,10,70,96.3,1184,0.0,2983.0,48
2024-08-01 20:07:21.899,hnsw_faiss,32,10M,300,deep,10,90,97.4,960,0.0,3797.6,48
2024-08-01 20:07:22.138,hnsw_faiss,32,10M,300,deep,10,100,97.8,880,0.0,4205.9,48
2024-08-01 20:07:22.563,hnsw_faiss,32,10M,300,deep,10,200,99.3,492,0.0,8288.7,48
2024-08-01 20:07:23.167,hnsw_faiss,32,10M,300,deep,10,300,99.6,348,0.0,12357.1,48
2024-08-01 20:07:23.917,hnsw_faiss,32,10M,300,deep,10,400,99.8,278,0.0,16413.3,48
2024-08-01 20:07:24.857,hnsw_faiss,32,10M,300,deep,10,500,99.8,222,0.0,20465.3,48
2024-08-01 20:07:25.150,hnsw_faiss,32,10M,300,deep,100,100,92.4,881,0.0,4205.9,48
2024-08-01 20:07:25.628,hnsw_faiss,32,10M,300,deep,100,200,97.2,493,0.0,8288.7,48
2024-08-01 20:07:26.273,hnsw_faiss,32,10M,300,deep,100,300,98.6,352,0.0,12357.1,48
2024-08-01 20:07:27.081,hnsw_faiss,32,10M,300,deep,100,400,99.1,277,0.0,16413.3,48
2024-08-01 20:07:28.046,hnsw_faiss,32,10M,300,deep,100,500,99.4,228,0.0,20465.3,48
2024-08-01 21:08:46.279,hnsw_faiss,32,10M,500,deep,1,1,29.1,8557,0.5,130.0,48
2024-08-01 21:08:46.316,hnsw_faiss,32,10M,500,deep,1,5,65.6,5835,0.0,379.0,48
2024-08-01 21:08:46.367,hnsw_faiss,32,10M,500,deep,1,10,79.8,4212,0.0,608.6,48
2024-08-01 21:08:46.442,hnsw_faiss,32,10M,500,deep,1,20,89.4,2823,0.0,1031.7,48
2024-08-01 21:08:46.540,hnsw_faiss,32,10M,500,deep,1,30,93.6,2149,0.0,1452.3,48
2024-08-01 21:08:46.683,hnsw_faiss,32,10M,500,deep,1,50,97.0,1471,0.0,2307.6,48
2024-08-01 21:08:46.870,hnsw_faiss,32,10M,500,deep,1,70,98.1,1126,0.0,3174.0,48
2024-08-01 21:08:47.098,hnsw_faiss,32,10M,500,deep,1,90,98.7,917,0.0,4045.5,48
2024-08-01 21:08:47.347,hnsw_faiss,32,10M,500,deep,1,100,98.9,840,0.0,4481.9,48
2024-08-01 21:08:47.792,hnsw_faiss,32,10M,500,deep,1,200,99.6,470,0.0,8849.1,48
2024-08-01 21:08:48.418,hnsw_faiss,32,10M,500,deep,1,300,99.8,333,0.0,13206.0,48
2024-08-01 21:08:49.217,hnsw_faiss,32,10M,500,deep,1,400,99.8,261,0.0,17556.6,48
2024-08-01 21:08:50.182,hnsw_faiss,32,10M,500,deep,1,500,99.8,216,0.0,21900.3,48
2024-08-01 21:08:50.234,hnsw_faiss,32,10M,500,deep,10,10,71.3,4198,0.0,608.6,48
2024-08-01 21:08:50.310,hnsw_faiss,32,10M,500,deep,10,20,83.8,2820,0.0,1031.7,48
2024-08-01 21:08:50.409,hnsw_faiss,32,10M,500,deep,10,30,89.5,2150,0.0,1452.3,48
2024-08-01 21:08:50.553,hnsw_faiss,32,10M,500,deep,10,50,94.4,1471,0.0,2307.6,48
2024-08-01 21:08:50.740,hnsw_faiss,32,10M,500,deep,10,70,96.6,1126,0.0,3174.0,48
2024-08-01 21:08:50.969,hnsw_faiss,32,10M,500,deep,10,90,97.7,917,0.0,4045.5,48
2024-08-01 21:08:51.219,hnsw_faiss,32,10M,500,deep,10,100,98.0,841,0.0,4481.9,48
2024-08-01 21:08:51.664,hnsw_faiss,32,10M,500,deep,10,200,99.4,470,0.0,8849.1,48
2024-08-01 21:08:52.291,hnsw_faiss,32,10M,500,deep,10,300,99.7,333,0.0,13206.0,48
2024-08-01 21:08:53.091,hnsw_faiss,32,10M,500,deep,10,400,99.8,260,0.0,17556.6,48
2024-08-01 21:08:54.071,hnsw_faiss,32,10M,500,deep,10,500,99.8,213,0.0,21900.3,48
2024-08-01 21:08:54.382,hnsw_faiss,32,10M,500,deep,100,100,93.0,822,0.0,4481.9,48
2024-08-01 21:08:54.887,hnsw_faiss,32,10M,500,deep,100,200,97.6,463,0.0,8849.1,48
2024-08-01 21:08:55.572,hnsw_faiss,32,10M,500,deep,100,300,98.8,330,0.0,13206.0,48
2024-08-01 21:08:56.428,hnsw_faiss,32,10M,500,deep,100,400,99.3,260,0.0,17556.6,48
2024-08-01 21:08:57.450,hnsw_faiss,32,10M,500,deep,100,500,99.5,215,0.0,21900.3,48
2024-08-01 21:35:48.169,hnsw_faiss,32,1M,100,msspacev,1,1,30.2,20646,0.5,115.1,48
2024-08-01 21:35:48.234,hnsw_faiss,32,1M,100,msspacev,1,5,63.5,9742,0.0,321.3,48
2024-08-01 21:35:48.326,hnsw_faiss,32,1M,100,msspacev,1,10,74.4,6944,0.0,509.4,48
2024-08-01 21:35:48.464,hnsw_faiss,32,1M,100,msspacev,1,20,82.9,4496,0.0,860.9,48
2024-08-01 21:35:48.648,hnsw_faiss,32,1M,100,msspacev,1,30,86.6,3378,0.0,1205.9,48
2024-08-01 21:35:48.918,hnsw_faiss,32,1M,100,msspacev,1,50,90.2,2289,0.0,1897.9,48
2024-08-01 21:35:49.271,hnsw_faiss,32,1M,100,msspacev,1,70,92.0,1747,0.0,2589.1,48
2024-08-01 21:35:49.722,hnsw_faiss,32,1M,100,msspacev,1,90,93.1,1362,0.0,3282.7,48
2024-08-01 21:35:50.203,hnsw_faiss,32,1M,100,msspacev,1,100,93.6,1277,0.0,3626.7,48
2024-08-01 21:35:51.091,hnsw_faiss,32,1M,100,msspacev,1,200,95.8,690,0.0,7059.7,48
2024-08-01 21:35:52.374,hnsw_faiss,32,1M,100,msspacev,1,300,96.6,477,0.0,10475.1,48
2024-08-01 21:35:54.032,hnsw_faiss,32,1M,100,msspacev,1,400,97.1,371,0.0,13872.1,48
2024-08-01 21:35:55.954,hnsw_faiss,32,1M,100,msspacev,1,500,97.5,318,0.0,17252.0,48
2024-08-01 21:35:56.055,hnsw_faiss,32,1M,100,msspacev,10,10,69.3,6623,0.0,509.4,48
2024-08-01 21:35:56.204,hnsw_faiss,32,1M,100,msspacev,10,20,79.4,4291,0.0,860.9,48
2024-08-01 21:35:56.401,hnsw_faiss,32,1M,100,msspacev,10,30,83.9,3192,0.0,1205.9,48
2024-08-01 21:35:56.691,hnsw_faiss,32,1M,100,msspacev,10,50,88.5,2157,0.0,1897.9,48
2024-08-01 21:35:57.053,hnsw_faiss,32,1M,100,msspacev,10,70,90.7,1713,0.0,2589.1,48
2024-08-01 21:35:57.514,hnsw_faiss,32,1M,100,msspacev,10,90,92.1,1346,0.0,3282.7,48
2024-08-01 21:35:58.000,hnsw_faiss,32,1M,100,msspacev,10,100,92.6,1272,0.0,3626.7,48
2024-08-01 21:35:58.949,hnsw_faiss,32,1M,100,msspacev,10,200,95.2,650,0.0,7059.7,48
2024-08-01 21:36:00.196,hnsw_faiss,32,1M,100,msspacev,10,300,96.2,492,0.0,10475.1,48
2024-08-01 21:36:01.838,hnsw_faiss,32,1M,100,msspacev,10,400,96.7,373,0.0,13872.1,48
2024-08-01 21:36:03.837,hnsw_faiss,32,1M,100,msspacev,10,500,97.1,308,0.0,17252.0,48
2024-08-01 21:36:04.528,hnsw_faiss,32,1M,100,msspacev,100,100,85.4,1213,0.0,3626.7,48
2024-08-01 21:36:05.611,hnsw_faiss,32,1M,100,msspacev,100,200,91.3,676,0.0,7059.7,48
2024-08-01 21:36:07.055,hnsw_faiss,32,1M,100,msspacev,100,300,93.5,477,0.0,10475.1,48
2024-08-01 21:36:08.873,hnsw_faiss,32,1M,100,msspacev,100,400,94.7,369,0.0,13872.1,48
2024-08-01 21:36:11.045,hnsw_faiss,32,1M,100,msspacev,100,500,95.5,304,0.0,17252.0,48
2024-08-02 02:38:12.640,hnsw_faiss,32,1M,300,msspacev,1,1,31.9,17272,0.5,137.4,48
2024-08-02 02:38:12.717,hnsw_faiss,32,1M,300,msspacev,1,5,67.6,8213,0.0,391.5,48
2024-08-02 02:38:12.832,hnsw_faiss,32,1M,300,msspacev,1,10,79.1,5461,0.0,626.1,48
2024-08-02 02:38:13.010,hnsw_faiss,32,1M,300,msspacev,1,20,87.4,3497,0.0,1068.1,48
2024-08-02 02:38:13.247,hnsw_faiss,32,1M,300,msspacev,1,30,90.6,2603,0.0,1505.4,48
2024-08-02 02:38:13.601,hnsw_faiss,32,1M,300,msspacev,1,50,93.9,1742,0.0,2385.1,48
2024-08-02 02:38:14.067,hnsw_faiss,32,1M,300,msspacev,1,70,95.3,1317,0.0,3270.2,48
2024-08-02 02:38:14.644,hnsw_faiss,32,1M,300,msspacev,1,90,96.1,1064,0.0,4159.5,48
2024-08-02 02:38:15.275,hnsw_faiss,32,1M,300,msspacev,1,100,96.4,973,0.0,4601.4,48
2024-08-02 02:38:16.423,hnsw_faiss,32,1M,300,msspacev,1,200,97.7,536,0.0,9035.1,48
2024-08-02 02:38:18.022,hnsw_faiss,32,1M,300,msspacev,1,300,98.2,382,0.0,13460.2,48
2024-08-02 02:38:20.070,hnsw_faiss,32,1M,300,msspacev,1,400,98.5,298,0.0,17873.0,48
2024-08-02 02:38:22.581,hnsw_faiss,32,1M,300,msspacev,1,500,98.6,243,0.0,22274.2,48
2024-08-02 02:38:22.701,hnsw_faiss,32,1M,300,msspacev,10,10,73.1,5461,0.0,626.1,48
2024-08-02 02:38:22.883,hnsw_faiss,32,1M,300,msspacev,10,20,83.5,3486,0.0,1068.1,48
2024-08-02 02:38:23.125,hnsw_faiss,32,1M,300,msspacev,10,30,88.0,2589,0.0,1505.4,48
2024-08-02 02:38:23.483,hnsw_faiss,32,1M,300,msspacev,10,50,92.2,1735,0.0,2385.1,48
2024-08-02 02:38:23.955,hnsw_faiss,32,1M,300,msspacev,10,70,94.2,1309,0.0,3270.2,48
2024-08-02 02:38:24.525,hnsw_faiss,32,1M,300,msspacev,10,90,95.3,1083,0.0,4159.5,48
2024-08-02 02:38:25.154,hnsw_faiss,32,1M,300,msspacev,10,100,95.6,979,0.0,4601.4,48
2024-08-02 02:38:26.292,hnsw_faiss,32,1M,300,msspacev,10,200,97.6,539,0.0,9035.1,48
2024-08-02 02:38:27.891,hnsw_faiss,32,1M,300,msspacev,10,300,98.2,383,0.0,13460.2,48
2024-08-02 02:38:29.965,hnsw_faiss,32,1M,300,msspacev,10,400,98.4,295,0.0,17873.0,48
2024-08-02 02:38:32.452,hnsw_faiss,32,1M,300,msspacev,10,500,98.6,246,0.0,22274.2,48
2024-08-02 02:38:33.266,hnsw_faiss,32,1M,300,msspacev,100,100,89.3,965,0.0,4601.4,48
2024-08-02 02:38:34.586,hnsw_faiss,32,1M,300,msspacev,100,200,94.6,534,0.0,9035.1,48
2024-08-02 02:38:36.368,hnsw_faiss,32,1M,300,msspacev,100,300,96.4,376,0.0,13460.2,48
2024-08-02 02:38:38.605,hnsw_faiss,32,1M,300,msspacev,100,400,97.2,294,0.0,17873.0,48
2024-08-02 02:38:41.285,hnsw_faiss,32,1M,300,msspacev,100,500,97.7,242,0.0,22274.2,48
2024-08-02 05:09:56.918,hnsw_faiss,32,1M,500,msspacev,1,1,31.8,16177,0.5,144.7,48
2024-08-02 05:09:57.002,hnsw_faiss,32,1M,500,msspacev,1,5,68.0,7583,0.0,415.9,48
2024-08-02 05:09:57.123,hnsw_faiss,32,1M,500,msspacev,1,10,79.7,5205,0.0,665.8,48
2024-08-02 05:09:57.311,hnsw_faiss,32,1M,500,msspacev,1,20,88.1,3311,0.0,1136.9,48
2024-08-02 05:09:57.564,hnsw_faiss,32,1M,500,msspacev,1,30,91.4,2453,0.0,1602.5,48
2024-08-02 05:09:57.947,hnsw_faiss,32,1M,500,msspacev,1,50,94.5,1606,0.0,2544.9,48
2024-08-02 05:09:58.457,hnsw_faiss,32,1M,500,msspacev,1,70,95.9,1211,0.0,3492.0,48
2024-08-02 05:09:59.075,hnsw_faiss,32,1M,500,msspacev,1,90,96.7,993,0.0,4445.3,48
2024-08-02 05:09:59.751,hnsw_faiss,32,1M,500,msspacev,1,100,97.0,907,0.0,4920.3,48
2024-08-02 05:10:00.998,hnsw_faiss,32,1M,500,msspacev,1,200,98.3,492,0.0,9676.4,48
2024-08-02 05:10:02.745,hnsw_faiss,32,1M,500,msspacev,1,300,98.7,350,0.0,14425.3,48
2024-08-02 05:10:04.980,hnsw_faiss,32,1M,500,msspacev,1,400,98.9,273,0.0,19164.8,48
2024-08-02 05:10:07.724,hnsw_faiss,32,1M,500,msspacev,1,500,99.0,223,0.0,23893.2,48
2024-08-02 05:10:07.851,hnsw_faiss,32,1M,500,msspacev,10,10,73.5,5186,0.0,665.8,48
2024-08-02 05:10:08.043,hnsw_faiss,32,1M,500,msspacev,10,20,84.1,3307,0.0,1136.9,48
2024-08-02 05:10:08.297,hnsw_faiss,32,1M,500,msspacev,10,30,88.6,2460,0.0,1602.5,48
2024-08-02 05:10:08.677,hnsw_faiss,32,1M,500,msspacev,10,50,92.8,1638,0.0,2544.9,48
2024-08-02 05:10:09.177,hnsw_faiss,32,1M,500,msspacev,10,70,94.8,1236,0.0,3492.0,48
2024-08-02 05:10:09.808,hnsw_faiss,32,1M,500,msspacev,10,90,95.9,986,0.0,4445.3,48
2024-08-02 05:10:10.487,hnsw_faiss,32,1M,500,msspacev,10,100,96.3,908,0.0,4920.3,48
2024-08-02 05:10:11.714,hnsw_faiss,32,1M,500,msspacev,10,200,98.1,500,0.0,9676.4,48
2024-08-02 05:10:13.464,hnsw_faiss,32,1M,500,msspacev,10,300,98.6,350,0.0,14425.3,48
2024-08-02 05:10:15.690,hnsw_faiss,32,1M,500,msspacev,10,400,98.8,275,0.0,19164.8,48
2024-08-02 05:10:18.390,hnsw_faiss,32,1M,500,msspacev,10,500,98.9,226,0.0,23893.2,48
2024-08-02 05:10:19.254,hnsw_faiss,32,1M,500,msspacev,100,100,90.0,892,0.0,4920.3,48
2024-08-02 05:10:20.652,hnsw_faiss,32,1M,500,msspacev,100,200,95.3,499,0.0,9676.4,48
2024-08-02 05:10:22.549,hnsw_faiss,32,1M,500,msspacev,100,300,97.0,351,0.0,14425.3,48
2024-08-02 05:10:24.958,hnsw_faiss,32,1M,500,msspacev,100,400,97.7,274,0.0,19164.8,48
2024-08-02 05:10:27.818,hnsw_faiss,32,1M,500,msspacev,100,500,98.2,226,0.0,23893.2,48
2024-08-01 21:57:59.602,hnsw_faiss,32,10M,100,msspacev,1,1,32.0,10330,0.5,119.5,48
2024-08-01 21:57:59.701,hnsw_faiss,32,10M,100,msspacev,1,5,63.3,6378,0.0,329.5,48
2024-08-01 21:57:59.833,hnsw_faiss,32,10M,100,msspacev,1,10,73.6,4749,0.0,516.7,48
2024-08-01 21:58:00.020,hnsw_faiss,32,10M,100,msspacev,1,20,81.4,3311,0.0,859.3,48
2024-08-01 21:58:00.261,hnsw_faiss,32,10M,100,msspacev,1,30,85.3,2572,0.0,1195.7,48
2024-08-01 21:58:00.602,hnsw_faiss,32,10M,100,msspacev,1,50,89.0,1807,0.0,1861.1,48
2024-08-01 21:58:01.040,hnsw_faiss,32,10M,100,msspacev,1,70,91.0,1405,0.0,2524.0,48
2024-08-01 21:58:01.574,hnsw_faiss,32,10M,100,msspacev,1,90,92.3,1148,0.0,3187.5,48
2024-08-01 21:58:02.161,hnsw_faiss,32,10M,100,msspacev,1,100,92.7,1046,0.0,3519.8,48
2024-08-01 21:58:03.207,hnsw_faiss,32,10M,100,msspacev,1,200,95.1,585,0.0,6838.8,48
2024-08-01 21:58:04.687,hnsw_faiss,32,10M,100,msspacev,1,300,96.1,413,0.0,10158.6,48
2024-08-01 21:58:06.599,hnsw_faiss,32,10M,100,msspacev,1,400,96.7,321,0.0,13479.4,48
2024-08-01 21:58:08.928,hnsw_faiss,32,10M,100,msspacev,1,500,97.1,262,0.0,16789.9,48
2024-08-01 21:58:09.063,hnsw_faiss,32,10M,100,msspacev,10,10,69.9,4764,0.0,516.7,48
2024-08-01 21:58:09.255,hnsw_faiss,32,10M,100,msspacev,10,20,79.1,3307,0.0,859.3,48
2024-08-01 21:58:09.500,hnsw_faiss,32,10M,100,msspacev,10,30,83.5,2571,0.0,1195.7,48
2024-08-01 21:58:09.845,hnsw_faiss,32,10M,100,msspacev,10,50,87.8,1807,0.0,1861.1,48
2024-08-01 21:58:10.287,hnsw_faiss,32,10M,100,msspacev,10,70,90.0,1402,0.0,2524.0,48
2024-08-01 21:58:10.823,hnsw_faiss,32,10M,100,msspacev,10,90,91.4,1154,0.0,3187.5,48
2024-08-01 21:58:11.409,hnsw_faiss,32,10M,100,msspacev,10,100,91.9,1055,0.0,3519.8,48
2024-08-01 21:58:12.449,hnsw_faiss,32,10M,100,msspacev,10,200,94.6,590,0.0,6838.8,48
2024-08-01 21:58:13.921,hnsw_faiss,32,10M,100,msspacev,10,300,95.6,416,0.0,10158.6,48
2024-08-01 21:58:15.822,hnsw_faiss,32,10M,100,msspacev,10,400,96.2,322,0.0,13479.4,48
2024-08-01 21:58:18.150,hnsw_faiss,32,10M,100,msspacev,10,500,96.6,263,0.0,16789.9,48
2024-08-01 21:58:18.915,hnsw_faiss,32,10M,100,msspacev,100,100,85.3,1046,0.0,3519.8,48
2024-08-01 21:58:20.128,hnsw_faiss,32,10M,100,msspacev,100,200,90.8,587,0.0,6838.8,48
2024-08-01 21:58:21.770,hnsw_faiss,32,10M,100,msspacev,100,300,92.9,413,0.0,10158.6,48
2024-08-01 21:58:23.843,hnsw_faiss,32,10M,100,msspacev,100,400,94.1,320,0.0,13479.4,48
2024-08-01 21:58:26.337,hnsw_faiss,32,10M,100,msspacev,100,500,94.8,262,0.0,16789.9,48
2024-08-02 03:16:53.828,hnsw_faiss,32,10M,300,msspacev,1,1,34.1,8744,0.5,145.7,48
2024-08-02 03:16:53.948,hnsw_faiss,32,10M,300,msspacev,1,5,68.4,5230,0.0,408.0,48
2024-08-02 03:16:54.115,hnsw_faiss,32,10M,300,msspacev,1,10,78.7,3726,0.0,643.8,48
2024-08-02 03:16:54.362,hnsw_faiss,32,10M,300,msspacev,1,20,86.4,2508,0.0,1088.1,48
2024-08-02 03:16:54.683,hnsw_faiss,32,10M,300,msspacev,1,30,89.9,1921,0.0,1525.8,48
2024-08-02 03:16:55.155,hnsw_faiss,32,10M,300,msspacev,1,50,93.3,1313,0.0,2403.3,48
2024-08-02 03:16:55.775,hnsw_faiss,32,10M,300,msspacev,1,70,94.8,997,0.0,3281.7,48
2024-08-02 03:16:56.524,hnsw_faiss,32,10M,300,msspacev,1,90,95.7,823,0.0,4161.6,48
2024-08-02 03:16:57.347,hnsw_faiss,32,10M,300,msspacev,1,100,96.0,747,0.0,4603.0,48
2024-08-02 03:16:58.844,hnsw_faiss,32,10M,300,msspacev,1,200,97.7,410,0.0,9031.7,48
2024-08-02 03:17:00.989,hnsw_faiss,32,10M,300,msspacev,1,300,98.3,285,0.0,13482.1,48
2024-08-02 03:17:03.751,hnsw_faiss,32,10M,300,msspacev,1,400,98.6,221,0.0,17931.5,48
2024-08-02 03:17:07.149,hnsw_faiss,32,10M,300,msspacev,1,500,98.7,179,0.0,22383.9,48
2024-08-02 03:17:07.321,hnsw_faiss,32,10M,300,msspacev,10,10,74.7,3707,0.0,643.8,48
2024-08-02 03:17:07.565,hnsw_faiss,32,10M,300,msspacev,10,20,84.1,2572,0.0,1088.1,48
2024-08-02 03:17:07.889,hnsw_faiss,32,10M,300,msspacev,10,30,88.3,1922,0.0,1525.8,48
2024-08-02 03:17:08.345,hnsw_faiss,32,10M,300,msspacev,10,50,92.3,1356,0.0,2403.3,48
2024-08-02 03:17:08.977,hnsw_faiss,32,10M,300,msspacev,10,70,94.2,991,0.0,3281.7,48
2024-08-02 03:17:09.741,hnsw_faiss,32,10M,300,msspacev,10,90,95.3,807,0.0,4161.6,48
2024-08-02 03:17:10.581,hnsw_faiss,32,10M,300,msspacev,10,100,95.7,740,0.0,4603.0,48
2024-08-02 03:17:12.022,hnsw_faiss,32,10M,300,msspacev,10,200,97.6,425,0.0,9031.7,48
2024-08-02 03:17:14.139,hnsw_faiss,32,10M,300,msspacev,10,300,98.2,289,0.0,13482.1,48
2024-08-02 03:17:16.877,hnsw_faiss,32,10M,300,msspacev,10,400,98.5,223,0.0,17931.5,48
2024-08-02 03:17:20.244,hnsw_faiss,32,10M,300,msspacev,10,500,98.7,182,0.0,22383.9,48
2024-08-02 03:17:21.219,hnsw_faiss,32,10M,300,msspacev,100,100,89.7,769,0.0,4603.0,48
2024-08-02 03:17:22.824,hnsw_faiss,32,10M,300,msspacev,100,200,94.6,425,0.0,9031.7,48
2024-08-02 03:17:25.040,hnsw_faiss,32,10M,300,msspacev,100,300,96.3,297,0.0,13482.1,48
2024-08-02 03:17:27.863,hnsw_faiss,32,10M,300,msspacev,100,400,97.1,229,0.0,17931.5,48
2024-08-02 03:17:31.294,hnsw_faiss,32,10M,300,msspacev,100,500,97.6,186,0.0,22383.9,48
2024-08-02 06:05:38.305,hnsw_faiss,32,10M,500,msspacev,1,1,34.4,8606,0.5,155.0,48
2024-08-02 06:05:38.429,hnsw_faiss,32,10M,500,msspacev,1,5,69.0,5052,0.0,437.4,48
2024-08-02 06:05:38.599,hnsw_faiss,32,10M,500,msspacev,1,10,79.6,3664,0.0,692.5,48
2024-08-02 06:05:38.850,hnsw_faiss,32,10M,500,msspacev,1,20,87.4,2455,0.0,1172.5,48
2024-08-02 06:05:39.180,hnsw_faiss,32,10M,500,msspacev,1,30,90.9,1870,0.0,1646.9,48
2024-08-02 06:05:39.660,hnsw_faiss,32,10M,500,msspacev,1,50,94.1,1279,0.0,2598.1,48
2024-08-02 06:05:40.287,hnsw_faiss,32,10M,500,msspacev,1,70,95.5,979,0.0,3551.1,48
2024-08-02 06:05:41.058,hnsw_faiss,32,10M,500,msspacev,1,90,96.4,795,0.0,4509.0,48
2024-08-02 06:05:41.899,hnsw_faiss,32,10M,500,msspacev,1,100,96.7,728,0.0,4988.0,48
2024-08-02 06:05:43.433,hnsw_faiss,32,10M,500,msspacev,1,200,98.2,398,0.0,9810.3,48
2024-08-02 06:05:45.632,hnsw_faiss,32,10M,500,msspacev,1,300,98.6,278,0.0,14649.1,48
2024-08-02 06:05:48.479,hnsw_faiss,32,10M,500,msspacev,1,400,98.9,214,0.0,19489.3,48
2024-08-02 06:05:51.956,hnsw_faiss,32,10M,500,msspacev,1,500,99.0,175,0.0,24331.2,48
2024-08-02 06:05:52.128,hnsw_faiss,32,10M,500,msspacev,10,10,75.4,3704,0.0,692.5,48
2024-08-02 06:05:52.380,hnsw_faiss,32,10M,500,msspacev,10,20,84.9,2479,0.0,1172.5,48
2024-08-02 06:05:52.712,hnsw_faiss,32,10M,500,msspacev,10,30,89.1,1880,0.0,1646.9,48
2024-08-02 06:05:53.192,hnsw_faiss,32,10M,500,msspacev,10,50,93.1,1288,0.0,2598.1,48
2024-08-02 06:05:53.821,hnsw_faiss,32,10M,500,msspacev,10,70,94.8,978,0.0,3551.1,48
2024-08-02 06:05:54.591,hnsw_faiss,32,10M,500,msspacev,10,90,95.9,800,0.0,4509.0,48
2024-08-02 06:05:55.430,hnsw_faiss,32,10M,500,msspacev,10,100,96.3,732,0.0,4988.0,48
2024-08-02 06:05:56.951,hnsw_faiss,32,10M,500,msspacev,10,200,98.1,403,0.0,9810.3,48
2024-08-02 06:05:59.132,hnsw_faiss,32,10M,500,msspacev,10,300,98.6,280,0.0,14649.1,48
2024-08-02 06:06:01.960,hnsw_faiss,32,10M,500,msspacev,10,400,98.9,216,0.0,19489.3,48
2024-08-02 06:06:05.411,hnsw_faiss,32,10M,500,msspacev,10,500,99.0,177,0.0,24331.2,48
2024-08-02 06:06:06.428,hnsw_faiss,32,10M,500,msspacev,100,100,90.4,728,0.0,4988.0,48
2024-08-02 06:06:08.121,hnsw_faiss,32,10M,500,msspacev,100,200,95.3,400,0.0,9810.3,48
2024-08-02 06:06:10.462,hnsw_faiss,32,10M,500,msspacev,100,300,96.9,280,0.0,14649.1,48
2024-08-02 06:06:13.451,hnsw_faiss,32,10M,500,msspacev,100,400,97.7,216,0.0,19489.3,48
2024-08-02 06:06:17.062,hnsw_faiss,32,10M,500,msspacev,100,500,98.1,177,0.0,24331.2,48
2024-08-02 07:21:52.506,hnsw_faiss,32,1M,100,text2image,1,1,19.5,11842,0.5,90.0,48
2024-08-02 07:21:52.904,hnsw_faiss,32,1M,100,text2image,1,5,51.3,5373,0.0,262.4,48
2024-08-02 07:21:53.467,hnsw_faiss,32,1M,100,text2image,1,10,65.1,3764,0.0,413.6,48
2024-08-02 07:21:54.302,hnsw_faiss,32,1M,100,text2image,1,20,76.6,2524,0.0,682.8,48
2024-08-02 07:21:55.386,hnsw_faiss,32,1M,100,text2image,1,30,82.1,1937,0.0,944.6,48
2024-08-02 07:21:56.962,hnsw_faiss,32,1M,100,text2image,1,50,87.6,1330,0.0,1467.2,48
2024-08-02 07:21:59.065,hnsw_faiss,32,1M,100,text2image,1,70,90.4,1020,0.0,1990.5,48
2024-08-02 07:22:01.545,hnsw_faiss,32,1M,100,text2image,1,90,92.1,843,0.0,2513.8,48
2024-08-02 07:22:04.241,hnsw_faiss,32,1M,100,text2image,1,100,92.8,775,0.0,2776.1,48
2024-08-02 07:22:08.901,hnsw_faiss,32,1M,100,text2image,1,200,96.2,448,0.0,5403.1,48
2024-08-02 07:22:15.331,hnsw_faiss,32,1M,100,text2image,1,300,97.5,324,0.0,8038.2,48
2024-08-02 07:22:23.494,hnsw_faiss,32,1M,100,text2image,1,400,98.2,256,0.0,10680.1,48
2024-08-02 07:22:33.291,hnsw_faiss,32,1M,100,text2image,1,500,98.6,212,0.0,13322.6,48
2024-08-02 07:22:33.886,hnsw_faiss,32,1M,100,text2image,10,10,58.8,3649,0.0,413.6,48
2024-08-02 07:22:34.757,hnsw_faiss,32,1M,100,text2image,10,20,71.7,2445,0.0,682.8,48
2024-08-02 07:22:35.881,hnsw_faiss,32,1M,100,text2image,10,30,78.2,1883,0.0,944.6,48
2024-08-02 07:22:37.478,hnsw_faiss,32,1M,100,text2image,10,50,84.9,1318,0.0,1467.2,48
2024-08-02 07:22:39.501,hnsw_faiss,32,1M,100,text2image,10,70,88.5,1038,0.0,1990.5,48
2024-08-02 07:22:41.931,hnsw_faiss,32,1M,100,text2image,10,90,90.6,863,0.0,2513.8,48
2024-08-02 07:22:44.558,hnsw_faiss,32,1M,100,text2image,10,100,91.5,802,0.0,2776.1,48
2024-08-02 07:22:49.057,hnsw_faiss,32,1M,100,text2image,10,200,95.6,464,0.0,5403.1,48
2024-08-02 07:22:55.345,hnsw_faiss,32,1M,100,text2image,10,300,97.2,332,0.0,8038.2,48
2024-08-02 07:23:03.320,hnsw_faiss,32,1M,100,text2image,10,400,98.0,261,0.0,10680.1,48
2024-08-02 07:23:12.928,hnsw_faiss,32,1M,100,text2image,10,500,98.5,217,0.0,13322.6,48
2024-08-02 07:23:16.164,hnsw_faiss,32,1M,100,text2image,100,100,84.4,799,0.0,2776.1,48
2024-08-02 07:23:21.271,hnsw_faiss,32,1M,100,text2image,100,200,92.0,462,0.0,5403.1,48
2024-08-02 07:23:28.135,hnsw_faiss,32,1M,100,text2image,100,300,94.8,332,0.0,8038.2,48
2024-08-02 07:23:36.690,hnsw_faiss,32,1M,100,text2image,100,400,96.3,261,0.0,10680.1,48
2024-08-02 07:23:46.897,hnsw_faiss,32,1M,100,text2image,100,500,97.2,216,0.0,13322.6,48
2024-08-02 08:17:04.668,hnsw_faiss,32,1M,300,text2image,1,1,21.2,9783,0.5,103.8,48
2024-08-02 08:17:05.160,hnsw_faiss,32,1M,300,text2image,1,5,55.8,4319,0.0,312.6,48
2024-08-02 08:17:05.866,hnsw_faiss,32,1M,300,text2image,1,10,70.1,2993,0.0,495.0,48
2024-08-02 08:17:06.930,hnsw_faiss,32,1M,300,text2image,1,20,81.4,1975,0.0,823.2,48
2024-08-02 08:17:08.323,hnsw_faiss,32,1M,300,text2image,1,30,86.5,1505,0.0,1146.2,48
2024-08-02 08:17:10.333,hnsw_faiss,32,1M,300,text2image,1,50,91.2,1041,0.0,1795.1,48
2024-08-02 08:17:12.928,hnsw_faiss,32,1M,300,text2image,1,70,93.5,805,0.0,2449.2,48
2024-08-02 08:17:16.053,hnsw_faiss,32,1M,300,text2image,1,90,94.9,668,0.0,3106.3,48
2024-08-02 08:17:19.434,hnsw_faiss,32,1M,300,text2image,1,100,95.4,617,0.0,3435.2,48
2024-08-02 08:17:25.224,hnsw_faiss,32,1M,300,text2image,1,200,97.9,360,0.0,6746.7,48
2024-08-02 08:17:33.280,hnsw_faiss,32,1M,300,text2image,1,300,98.8,258,0.0,10081.2,48
2024-08-02 08:17:43.516,hnsw_faiss,32,1M,300,text2image,1,400,99.2,204,0.0,13429.1,48
2024-08-02 08:17:55.841,hnsw_faiss,32,1M,300,text2image,1,500,99.4,169,0.0,16790.1,48
2024-08-02 08:17:56.538,hnsw_faiss,32,1M,300,text2image,10,10,63.5,3092,0.0,495.0,48
2024-08-02 08:17:57.575,hnsw_faiss,32,1M,300,text2image,10,20,76.4,2046,0.0,823.2,48
2024-08-02 08:17:58.926,hnsw_faiss,32,1M,300,text2image,10,30,82.7,1561,0.0,1146.2,48
2024-08-02 08:18:00.874,hnsw_faiss,32,1M,300,text2image,10,50,88.9,1078,0.0,1795.1,48
2024-08-02 08:18:03.381,hnsw_faiss,32,1M,300,text2image,10,70,91.9,836,0.0,2449.2,48
2024-08-02 08:18:06.420,hnsw_faiss,32,1M,300,text2image,10,90,93.7,689,0.0,3106.3,48
2024-08-02 08:18:09.735,hnsw_faiss,32,1M,300,text2image,10,100,94.4,631,0.0,3435.2,48
2024-08-02 08:18:15.485,hnsw_faiss,32,1M,300,text2image,10,200,97.5,363,0.0,6746.7,48
2024-08-02 08:18:23.524,hnsw_faiss,32,1M,300,text2image,10,300,98.5,259,0.0,10081.2,48
2024-08-02 08:18:33.745,hnsw_faiss,32,1M,300,text2image,10,400,99.0,204,0.0,13429.1,48
2024-08-02 08:18:46.095,hnsw_faiss,32,1M,300,text2image,10,500,99.3,168,0.0,16790.1,48
2024-08-02 08:18:50.021,hnsw_faiss,32,1M,300,text2image,100,100,88.4,629,0.0,3435.2,48
2024-08-02 08:18:56.389,hnsw_faiss,32,1M,300,text2image,100,200,94.8,360,0.0,6746.7,48
2024-08-02 08:19:05.033,hnsw_faiss,32,1M,300,text2image,100,300,96.9,258,0.0,10081.2,48
2024-08-02 08:19:15.848,hnsw_faiss,32,1M,300,text2image,100,400,98.0,203,0.0,13429.1,48
2024-08-02 08:19:28.744,hnsw_faiss,32,1M,300,text2image,100,500,98.6,169,0.0,16790.1,48
2024-08-02 09:49:39.638,hnsw_faiss,32,1M,500,text2image,1,1,21.3,9392,0.5,108.6,48
2024-08-02 09:49:40.148,hnsw_faiss,32,1M,500,text2image,1,5,56.8,4182,0.0,330.3,48
2024-08-02 09:49:40.879,hnsw_faiss,32,1M,500,text2image,1,10,71.4,2890,0.0,524.5,48
2024-08-02 09:49:41.984,hnsw_faiss,32,1M,500,text2image,1,20,82.6,1901,0.0,873.0,48
2024-08-02 09:49:43.428,hnsw_faiss,32,1M,500,text2image,1,30,87.5,1451,0.0,1216.2,48
2024-08-02 09:49:45.504,hnsw_faiss,32,1M,500,text2image,1,50,92.2,1008,0.0,1909.4,48
2024-08-02 09:49:48.191,hnsw_faiss,32,1M,500,text2image,1,70,94.4,778,0.0,2608.9,48
2024-08-02 09:49:51.487,hnsw_faiss,32,1M,500,text2image,1,90,95.7,633,0.0,3311.8,48
2024-08-02 09:49:55.052,hnsw_faiss,32,1M,500,text2image,1,100,96.2,585,0.0,3664.3,48
2024-08-02 09:50:01.355,hnsw_faiss,32,1M,500,text2image,1,200,98.3,331,0.0,7208.8,48
2024-08-02 09:50:10.148,hnsw_faiss,32,1M,500,text2image,1,300,99.0,237,0.0,10779.4,48
2024-08-02 09:50:21.288,hnsw_faiss,32,1M,500,text2image,1,400,99.4,187,0.0,14368.0,48
2024-08-02 09:50:34.734,hnsw_faiss,32,1M,500,text2image,1,500,99.6,155,0.0,17970.1,48
2024-08-02 09:50:35.557,hnsw_faiss,32,1M,500,text2image,10,10,64.6,2652,0.0,524.5,48
2024-08-02 09:50:36.684,hnsw_faiss,32,1M,500,text2image,10,20,77.6,1907,0.0,873.0,48
2024-08-02 09:50:38.126,hnsw_faiss,32,1M,500,text2image,10,30,83.8,1462,0.0,1216.2,48
2024-08-02 09:50:40.217,hnsw_faiss,32,1M,500,text2image,10,50,89.8,1004,0.0,1909.4,48
2024-08-02 09:50:42.935,hnsw_faiss,32,1M,500,text2image,10,70,92.7,771,0.0,2608.9,48
2024-08-02 09:50:46.239,hnsw_faiss,32,1M,500,text2image,10,90,94.5,633,0.0,3311.8,48
2024-08-02 09:50:49.831,hnsw_faiss,32,1M,500,text2image,10,100,95.1,582,0.0,3664.3,48
2024-08-02 09:50:56.126,hnsw_faiss,32,1M,500,text2image,10,200,97.9,331,0.0,7208.8,48
2024-08-02 09:51:04.914,hnsw_faiss,32,1M,500,text2image,10,300,98.8,237,0.0,10779.4,48
2024-08-02 09:51:16.070,hnsw_faiss,32,1M,500,text2image,10,400,99.2,187,0.0,14368.0,48
2024-08-02 09:51:29.490,hnsw_faiss,32,1M,500,text2image,10,500,99.5,155,0.0,17970.1,48
2024-08-02 09:51:33.678,hnsw_faiss,32,1M,500,text2image,100,100,89.3,582,0.0,3664.3,48
2024-08-02 09:51:40.532,hnsw_faiss,32,1M,500,text2image,100,200,95.4,332,0.0,7208.8,48
2024-08-02 09:51:49.875,hnsw_faiss,32,1M,500,text2image,100,300,97.4,237,0.0,10779.4,48
2024-08-02 09:52:01.584,hnsw_faiss,32,1M,500,text2image,100,400,98.3,187,0.0,14368.0,48
2024-08-02 09:52:15.727,hnsw_faiss,32,1M,500,text2image,100,500,98.8,153,0.0,17970.1,48
2024-08-02 07:47:22.074,hnsw_faiss,32,10M,100,text2image,1,1,12.9,7423,0.5,89.9,48
2024-08-02 07:47:22.614,hnsw_faiss,32,10M,100,text2image,1,5,38.4,3927,0.0,283.7,48
2024-08-02 07:47:23.358,hnsw_faiss,32,10M,100,text2image,1,10,51.8,2837,0.0,455.2,48
2024-08-02 07:47:24.429,hnsw_faiss,32,10M,100,text2image,1,20,64.4,1963,0.0,748.6,48
2024-08-02 07:47:25.786,hnsw_faiss,32,10M,100,text2image,1,30,70.7,1545,0.0,1024.7,48
2024-08-02 07:47:27.710,hnsw_faiss,32,10M,100,text2image,1,50,77.7,1088,0.0,1568.0,48
2024-08-02 07:47:30.143,hnsw_faiss,32,10M,100,text2image,1,70,81.5,859,0.0,2108.6,48
2024-08-02 07:47:33.074,hnsw_faiss,32,10M,100,text2image,1,90,84.1,713,0.0,2646.9,48
2024-08-02 07:47:36.258,hnsw_faiss,32,10M,100,text2image,1,100,85.1,656,0.0,2916.5,48
2024-08-02 07:47:41.720,hnsw_faiss,32,10M,100,text2image,1,200,90.7,382,0.0,5605.6,48
2024-08-02 07:47:49.271,hnsw_faiss,32,10M,100,text2image,1,300,93.0,276,0.0,8281.6,48
2024-08-02 07:47:58.780,hnsw_faiss,32,10M,100,text2image,1,400,94.4,219,0.0,10953.2,48
2024-08-02 07:48:10.293,hnsw_faiss,32,10M,100,text2image,1,500,95.3,181,0.0,13620.1,48
2024-08-02 07:48:11.060,hnsw_faiss,32,10M,100,text2image,10,10,46.5,2793,0.0,455.2,48
2024-08-02 07:48:12.155,hnsw_faiss,32,10M,100,text2image,10,20,59.7,1937,0.0,748.6,48
2024-08-02 07:48:13.554,hnsw_faiss,32,10M,100,text2image,10,30,66.7,1515,0.0,1024.7,48
2024-08-02 07:48:15.498,hnsw_faiss,32,10M,100,text2image,10,50,74.6,1081,0.0,1568.0,48
2024-08-02 07:48:17.957,hnsw_faiss,32,10M,100,text2image,10,70,79.1,853,0.0,2108.6,48
2024-08-02 07:48:20.910,hnsw_faiss,32,10M,100,text2image,10,90,82.1,709,0.0,2646.9,48
2024-08-02 07:48:24.108,hnsw_faiss,32,10M,100,text2image,10,100,83.3,655,0.0,2916.5,48
2024-08-02 07:48:29.578,hnsw_faiss,32,10M,100,text2image,10,200,89.7,382,0.0,5605.6,48
2024-08-02 07:48:37.157,hnsw_faiss,32,10M,100,text2image,10,300,92.4,275,0.0,8281.6,48
2024-08-02 07:48:46.774,hnsw_faiss,32,10M,100,text2image,10,400,94.0,216,0.0,10953.2,48
2024-08-02 07:48:58.309,hnsw_faiss,32,10M,100,text2image,10,500,95.0,180,0.0,13620.1,48
2024-08-02 07:49:02.187,hnsw_faiss,32,10M,100,text2image,100,100,75.3,653,0.0,2916.5,48
2024-08-02 07:49:08.265,hnsw_faiss,32,10M,100,text2image,100,200,84.9,383,0.0,5605.6,48
2024-08-02 07:49:16.434,hnsw_faiss,32,10M,100,text2image,100,300,89.0,276,0.0,8281.6,48
2024-08-02 07:49:26.593,hnsw_faiss,32,10M,100,text2image,100,400,91.3,218,0.0,10953.2,48
2024-08-02 07:49:38.713,hnsw_faiss,32,10M,100,text2image,100,500,92.9,180,0.0,13620.1,48
2024-08-02 09:06:20.804,hnsw_faiss,32,10M,300,text2image,1,1,14.6,6133,0.5,104.4,48
2024-08-02 09:06:21.474,hnsw_faiss,32,10M,300,text2image,1,5,43.8,3154,0.0,341.2,48
2024-08-02 09:06:22.405,hnsw_faiss,32,10M,300,text2image,1,10,58.1,2262,0.0,548.2,48
2024-08-02 09:06:23.753,hnsw_faiss,32,10M,300,text2image,1,20,70.9,1556,0.0,907.5,48
2024-08-02 09:06:25.479,hnsw_faiss,32,10M,300,text2image,1,30,76.9,1214,0.0,1251.0,48
2024-08-02 09:06:27.918,hnsw_faiss,32,10M,300,text2image,1,50,83.2,857,0.0,1933.7,48
2024-08-02 09:06:31.026,hnsw_faiss,32,10M,300,text2image,1,70,86.6,672,0.0,2617.0,48
2024-08-02 09:06:34.801,hnsw_faiss,32,10M,300,text2image,1,90,88.8,553,0.0,3301.2,48
2024-08-02 09:06:38.874,hnsw_faiss,32,10M,300,text2image,1,100,89.6,512,0.0,3643.6,48
2024-08-02 09:06:45.934,hnsw_faiss,32,10M,300,text2image,1,200,94.0,295,0.0,7073.6,48
2024-08-02 09:06:55.764,hnsw_faiss,32,10M,300,text2image,1,300,95.7,212,0.0,10509.4,48
2024-08-02 09:07:08.226,hnsw_faiss,32,10M,300,text2image,1,400,96.7,167,0.0,13941.9,48
2024-08-02 09:07:23.226,hnsw_faiss,32,10M,300,text2image,1,500,97.3,138,0.0,17381.9,48
2024-08-02 09:07:24.167,hnsw_faiss,32,10M,300,text2image,10,10,52.1,2262,0.0,548.2,48
2024-08-02 09:07:25.527,hnsw_faiss,32,10M,300,text2image,10,20,65.6,1553,0.0,907.5,48
2024-08-02 09:07:27.266,hnsw_faiss,32,10M,300,text2image,10,30,72.7,1211,0.0,1251.0,48
2024-08-02 09:07:29.714,hnsw_faiss,32,10M,300,text2image,10,50,80.3,857,0.0,1933.7,48
2024-08-02 09:07:32.836,hnsw_faiss,32,10M,300,text2image,10,70,84.4,671,0.0,2617.0,48
2024-08-02 09:07:36.605,hnsw_faiss,32,10M,300,text2image,10,90,87.1,555,0.0,3301.2,48
2024-08-02 09:07:40.690,hnsw_faiss,32,10M,300,text2image,10,100,88.1,512,0.0,3643.6,48
2024-08-02 09:07:47.761,hnsw_faiss,32,10M,300,text2image,10,200,93.3,295,0.0,7073.6,48
2024-08-02 09:07:57.598,hnsw_faiss,32,10M,300,text2image,10,300,95.3,212,0.0,10509.4,48
2024-08-02 09:08:10.070,hnsw_faiss,32,10M,300,text2image,10,400,96.4,167,0.0,13941.9,48
2024-08-02 09:08:25.082,hnsw_faiss,32,10M,300,text2image,10,500,97.1,138,0.0,17381.9,48
2024-08-02 09:08:29.813,hnsw_faiss,32,10M,300,text2image,100,100,80.9,510,0.0,3643.6,48
2024-08-02 09:08:37.500,hnsw_faiss,32,10M,300,text2image,100,200,89.3,294,0.0,7073.6,48
2024-08-02 09:08:47.943,hnsw_faiss,32,10M,300,text2image,100,300,92.7,211,0.0,10509.4,48
2024-08-02 09:09:01.008,hnsw_faiss,32,10M,300,text2image,100,400,94.5,167,0.0,13941.9,48
2024-08-02 09:09:16.616,hnsw_faiss,32,10M,300,text2image,100,500,95.7,138,0.0,17381.9,48
2024-08-02 11:01:02.466,hnsw_faiss,32,10M,500,text2image,1,1,14.9,5750,0.5,110.3,48
2024-08-02 11:01:03.183,hnsw_faiss,32,10M,500,text2image,1,5,44.9,2948,0.0,363.0,48
2024-08-02 11:01:04.177,hnsw_faiss,32,10M,500,text2image,1,10,59.5,2116,0.0,583.2,48
2024-08-02 11:01:05.621,hnsw_faiss,32,10M,500,text2image,1,20,72.4,1452,0.0,966.4,48
2024-08-02 11:01:07.476,hnsw_faiss,32,10M,500,text2image,1,30,78.4,1129,0.0,1333.1,48
2024-08-02 11:01:10.099,hnsw_faiss,32,10M,500,text2image,1,50,84.6,797,0.0,2062.8,48
2024-08-02 11:01:13.456,hnsw_faiss,32,10M,500,text2image,1,70,87.9,622,0.0,2795.0,48
2024-08-02 11:01:17.526,hnsw_faiss,32,10M,500,text2image,1,90,90.0,513,0.0,3531.1,48
2024-08-02 11:01:21.941,hnsw_faiss,32,10M,500,text2image,1,100,90.8,472,0.0,3898.5,48
2024-08-02 11:01:29.619,hnsw_faiss,32,10M,500,text2image,1,200,94.8,271,0.0,7589.3,48
2024-08-02 11:01:40.299,hnsw_faiss,32,10M,500,text2image,1,300,96.4,195,0.0,11289.5,48
2024-08-02 11:01:53.844,hnsw_faiss,32,10M,500,text2image,1,400,97.3,153,0.0,14991.2,48
2024-08-02 11:02:10.158,hnsw_faiss,32,10M,500,text2image,1,500,97.8,127,0.0,18699.9,48
2024-08-02 11:02:11.160,hnsw_faiss,32,10M,500,text2image,10,10,53.3,2124,0.0,583.2,48
2024-08-02 11:02:12.612,hnsw_faiss,32,10M,500,text2image,10,20,67.1,1454,0.0,966.4,48
2024-08-02 11:02:14.471,hnsw_faiss,32,10M,500,text2image,10,30,74.2,1132,0.0,1333.1,48
2024-08-02 11:02:17.099,hnsw_faiss,32,10M,500,text2image,10,50,81.7,798,0.0,2062.8,48
2024-08-02 11:02:20.455,hnsw_faiss,32,10M,500,text2image,10,70,85.7,623,0.0,2795.0,48
2024-08-02 11:02:24.522,hnsw_faiss,32,10M,500,text2image,10,90,88.4,514,0.0,3531.1,48
2024-08-02 11:02:28.934,hnsw_faiss,32,10M,500,text2image,10,100,89.3,473,0.0,3898.5,48
2024-08-02 11:02:36.603,hnsw_faiss,32,10M,500,text2image,10,200,94.1,272,0.0,7589.3,48
2024-08-02 11:02:47.290,hnsw_faiss,32,10M,500,text2image,10,300,96.0,195,0.0,11289.5,48
2024-08-02 11:03:00.851,hnsw_faiss,32,10M,500,text2image,10,400,97.0,153,0.0,14991.2,48
2024-08-02 11:03:17.179,hnsw_faiss,32,10M,500,text2image,10,500,97.6,127,0.0,18699.9,48
2024-08-02 11:03:22.232,hnsw_faiss,32,10M,500,text2image,100,100,82.2,472,0.0,3898.5,48
2024-08-02 11:03:30.511,hnsw_faiss,32,10M,500,text2image,100,200,90.4,272,0.0,7589.3,48
2024-08-02 11:03:41.647,hnsw_faiss,32,10M,500,text2image,100,300,93.6,197,0.0,11289.5,48
2024-08-02 11:03:55.590,hnsw_faiss,32,10M,500,text2image,100,400,95.3,156,0.0,14991.2,48
2024-08-02 11:04:12.274,hnsw_faiss,32,10M,500,text2image,100,500,96.3,129,0.0,18699.9,48
2024-08-01 17:19:21.542,hnsw_official,32,1M,100,bigann,1,1,32.9,6475,11.1,253.6,48
2024-08-01 17:19:21.561,hnsw_official,32,1M,100,bigann,1,5,71.5,12195,16.4,428.7,48
2024-08-01 17:19:21.586,hnsw_official,32,1M,100,bigann,1,10,84.3,9260,21.4,588.8,48
2024-08-01 17:19:21.623,hnsw_official,32,1M,100,bigann,1,20,93.2,6005,30.8,888.3,48
2024-08-01 17:19:21.676,hnsw_official,32,1M,100,bigann,1,30,96.3,4070,40.3,1188.4,48
2024-08-01 17:19:21.750,hnsw_official,32,1M,100,bigann,1,50,98.5,2884,59.7,1800.5,48
2024-08-01 17:19:21.842,hnsw_official,32,1M,100,bigann,1,70,99.2,2302,79.4,2420.3,48
2024-08-01 17:19:21.955,hnsw_official,32,1M,100,bigann,1,90,99.5,1872,99.3,3040.5,48
2024-08-01 17:19:22.077,hnsw_official,32,1M,100,bigann,1,100,99.6,1737,109.2,3350.8,48
2024-08-01 17:19:22.299,hnsw_official,32,1M,100,bigann,1,200,99.9,948,208.9,6452.2,48
2024-08-01 17:19:22.616,hnsw_official,32,1M,100,bigann,1,300,100.0,662,308.8,9544.2,48
2024-08-01 17:19:23.024,hnsw_official,32,1M,100,bigann,1,400,100.0,514,408.7,12629.3,48
2024-08-01 17:19:23.523,hnsw_official,32,1M,100,bigann,1,500,100.0,420,508.6,15710.0,48
2024-08-01 17:19:23.556,hnsw_official,32,1M,100,bigann,10,10,75.9,6748,21.4,588.8,48
2024-08-01 17:19:23.594,hnsw_official,32,1M,100,bigann,10,20,87.5,5993,30.8,888.3,48
2024-08-01 17:19:23.640,hnsw_official,32,1M,100,bigann,10,30,92.3,4849,40.3,1188.4,48
2024-08-01 17:19:23.707,hnsw_official,32,1M,100,bigann,10,50,96.4,3271,59.7,1800.5,48
2024-08-01 17:19:23.800,hnsw_official,32,1M,100,bigann,10,70,98.0,2296,79.4,2420.3,48
2024-08-01 17:19:23.909,hnsw_official,32,1M,100,bigann,10,90,98.8,1976,99.3,3040.5,48
2024-08-01 17:19:24.027,hnsw_official,32,1M,100,bigann,10,100,99.0,1798,109.2,3350.8,48
2024-08-01 17:19:24.245,hnsw_official,32,1M,100,bigann,10,200,99.7,972,208.9,6452.2,48
2024-08-01 17:19:24.559,hnsw_official,32,1M,100,bigann,10,300,99.9,673,308.8,9544.2,48
2024-08-01 17:19:24.968,hnsw_official,32,1M,100,bigann,10,400,100.0,514,408.7,12629.3,48
2024-08-01 17:19:25.465,hnsw_official,32,1M,100,bigann,10,500,100.0,422,508.6,15710.0,48
2024-08-01 17:19:25.626,hnsw_official,32,1M,100,bigann,100,100,94.7,1777,109.2,3350.8,48
2024-08-01 17:19:25.894,hnsw_official,32,1M,100,bigann,100,200,98.5,922,208.9,6452.2,48
2024-08-01 17:19:26.254,hnsw_official,32,1M,100,bigann,100,300,99.3,675,308.8,9544.2,48
2024-08-01 17:19:26.707,hnsw_official,32,1M,100,bigann,100,400,99.6,520,408.7,12629.3,48
2024-08-01 17:19:27.243,hnsw_official,32,1M,100,bigann,100,500,99.8,426,508.6,15710.0,48
2024-08-01 17:35:46.037,hnsw_official,32,1M,300,bigann,1,1,35.8,6500,11.2,276.6,48
2024-08-01 17:35:46.057,hnsw_official,32,1M,300,bigann,1,5,74.4,11574,16.3,476.2,48
2024-08-01 17:35:46.085,hnsw_official,32,1M,300,bigann,1,10,86.7,8191,21.2,660.1,48
2024-08-01 17:35:46.126,hnsw_official,32,1M,300,bigann,1,20,95.1,5222,30.5,1011.3,48
2024-08-01 17:35:46.182,hnsw_official,32,1M,300,bigann,1,30,97.6,3873,40.0,1369.0,48
2024-08-01 17:35:46.265,hnsw_official,32,1M,300,bigann,1,50,99.2,2581,59.5,2099.1,48
2024-08-01 17:35:46.372,hnsw_official,32,1M,300,bigann,1,70,99.6,1978,79.3,2838.6,48
2024-08-01 17:35:46.502,hnsw_official,32,1M,300,bigann,1,90,99.7,1629,99.1,3582.0,48
2024-08-01 17:35:46.643,hnsw_official,32,1M,300,bigann,1,100,99.8,1497,109.1,3954.3,48
2024-08-01 17:35:46.896,hnsw_official,32,1M,300,bigann,1,200,100.0,828,208.8,7682.5,48
2024-08-01 17:35:47.254,hnsw_official,32,1M,300,bigann,1,300,100.0,585,308.6,11413.0,48
2024-08-01 17:35:47.712,hnsw_official,32,1M,300,bigann,1,400,100.0,456,408.6,15140.7,48
2024-08-01 17:35:48.283,hnsw_official,32,1M,300,bigann,1,500,100.0,366,508.6,18869.9,48
2024-08-01 17:35:48.314,hnsw_official,32,1M,300,bigann,10,10,78.5,7736,21.2,660.1,48
2024-08-01 17:35:48.353,hnsw_official,32,1M,300,bigann,10,20,89.8,5813,30.5,1011.3,48
2024-08-01 17:35:48.404,hnsw_official,32,1M,300,bigann,10,30,94.3,4281,40.0,1369.0,48
2024-08-01 17:35:48.480,hnsw_official,32,1M,300,bigann,10,50,97.6,2852,59.5,2099.1,48
2024-08-01 17:35:48.581,hnsw_official,32,1M,300,bigann,10,70,98.8,2123,79.3,2838.6,48
2024-08-01 17:35:48.711,hnsw_official,32,1M,300,bigann,10,90,99.3,1644,99.1,3582.0,48
2024-08-01 17:35:48.849,hnsw_official,32,1M,300,bigann,10,100,99.5,1540,109.1,3954.3,48
2024-08-01 17:35:49.102,hnsw_official,32,1M,300,bigann,10,200,99.9,833,208.8,7682.5,48
2024-08-01 17:35:49.468,hnsw_official,32,1M,300,bigann,10,300,100.0,573,308.6,11413.0,48
2024-08-01 17:35:49.938,hnsw_official,32,1M,300,bigann,10,400,100.0,445,408.6,15140.7,48
2024-08-01 17:35:50.522,hnsw_official,32,1M,300,bigann,10,500,100.0,359,508.6,18869.9,48
2024-08-01 17:35:50.701,hnsw_official,32,1M,300,bigann,100,100,96.5,1532,109.1,3954.3,48
2024-08-01 17:35:50.989,hnsw_official,32,1M,300,bigann,100,200,99.2,846,208.8,7682.5,48
2024-08-01 17:35:51.392,hnsw_official,32,1M,300,bigann,100,300,99.7,577,308.6,11413.0,48
2024-08-01 17:35:51.900,hnsw_official,32,1M,300,bigann,100,400,99.9,449,408.6,15140.7,48
2024-08-01 17:35:52.510,hnsw_official,32,1M,300,bigann,100,500,99.9,367,508.6,18869.9,48
2024-08-01 18:15:07.481,hnsw_official,32,1M,500,bigann,1,1,35.9,6329,11.2,282.6,48
2024-08-01 18:15:07.502,hnsw_official,32,1M,500,bigann,1,5,74.3,11167,16.3,487.9,48
2024-08-01 18:15:07.530,hnsw_official,32,1M,500,bigann,1,10,87.5,7858,21.2,679.7,48
2024-08-01 18:15:07.574,hnsw_official,32,1M,500,bigann,1,20,95.3,5010,30.5,1044.2,48
2024-08-01 18:15:07.632,hnsw_official,32,1M,500,bigann,1,30,97.7,3741,40.0,1416.8,48
2024-08-01 18:15:07.717,hnsw_official,32,1M,500,bigann,1,50,99.1,2496,59.5,2180.1,48
2024-08-01 18:15:07.827,hnsw_official,32,1M,500,bigann,1,70,99.6,1918,79.3,2952.4,48
2024-08-01 18:15:07.962,hnsw_official,32,1M,500,bigann,1,90,99.9,1569,99.1,3727.8,48
2024-08-01 18:15:08.108,hnsw_official,32,1M,500,bigann,1,100,99.9,1451,109.1,4117.4,48
2024-08-01 18:15:08.369,hnsw_official,32,1M,500,bigann,1,200,100.0,802,208.8,8013.8,48
2024-08-01 18:15:08.740,hnsw_official,32,1M,500,bigann,1,300,100.0,564,308.7,11917.4,48
2024-08-01 18:15:09.219,hnsw_official,32,1M,500,bigann,1,400,100.0,437,408.6,15819.4,48
2024-08-01 18:15:09.811,hnsw_official,32,1M,500,bigann,1,500,100.0,353,508.6,19722.7,48
2024-08-01 18:15:09.839,hnsw_official,32,1M,500,bigann,10,10,78.8,8331,21.2,679.7,48
2024-08-01 18:15:09.879,hnsw_official,32,1M,500,bigann,10,20,90.0,5587,30.5,1044.2,48
2024-08-01 18:15:09.933,hnsw_official,32,1M,500,bigann,10,30,94.5,4123,40.0,1416.8,48
2024-08-01 18:15:10.013,hnsw_official,32,1M,500,bigann,10,50,97.8,2695,59.5,2180.1,48
2024-08-01 18:15:10.119,hnsw_official,32,1M,500,bigann,10,70,98.9,2011,79.3,2952.4,48
2024-08-01 18:15:10.251,hnsw_official,32,1M,500,bigann,10,90,99.4,1616,99.1,3727.8,48
2024-08-01 18:15:10.394,hnsw_official,32,1M,500,bigann,10,100,99.5,1485,109.1,4117.4,48
2024-08-01 18:15:10.658,hnsw_official,32,1M,500,bigann,10,200,99.9,799,208.8,8013.8,48
2024-08-01 18:15:11.038,hnsw_official,32,1M,500,bigann,10,300,100.0,554,308.7,11917.4,48
2024-08-01 18:15:11.539,hnsw_official,32,1M,500,bigann,10,400,100.0,421,408.6,15819.4,48
2024-08-01 18:15:12.143,hnsw_official,32,1M,500,bigann,10,500,100.0,347,508.6,19722.7,48
2024-08-01 18:15:12.329,hnsw_official,32,1M,500,bigann,100,100,96.7,1454,109.1,4117.4,48
2024-08-01 18:15:12.629,hnsw_official,32,1M,500,bigann,100,200,99.3,806,208.8,8013.8,48
2024-08-01 18:15:13.043,hnsw_official,32,1M,500,bigann,100,300,99.8,560,308.7,11917.4,48
2024-08-01 18:15:13.575,hnsw_official,32,1M,500,bigann,100,400,99.9,433,408.6,15819.4,48
2024-08-01 18:15:14.219,hnsw_official,32,1M,500,bigann,100,500,99.9,353,508.6,19722.7,48
2024-08-01 17:23:26.179,hnsw_official,32,10M,100,bigann,1,1,26.7,2694,14.3,265.6,48
2024-08-01 17:23:26.203,hnsw_official,32,10M,100,bigann,1,5,62.7,9610,20.0,469.0,48
2024-08-01 17:23:26.235,hnsw_official,32,10M,100,bigann,1,10,77.2,6965,25.2,650.0,48
2024-08-01 17:23:26.283,hnsw_official,32,10M,100,bigann,1,20,88.1,4514,34.8,980.8,48
2024-08-01 17:23:26.346,hnsw_official,32,10M,100,bigann,1,30,92.4,3384,44.3,1303.6,48
2024-08-01 17:23:26.441,hnsw_official,32,10M,100,bigann,1,50,96.1,2247,63.6,1959.4,48
2024-08-01 17:23:26.566,hnsw_official,32,10M,100,bigann,1,70,97.7,1693,83.3,2622.3,48
2024-08-01 17:23:26.721,hnsw_official,32,10M,100,bigann,1,90,98.5,1356,103.0,3288.1,48
2024-08-01 17:23:26.891,hnsw_official,32,10M,100,bigann,1,100,98.8,1242,113.0,3620.5,48
2024-08-01 17:23:27.205,hnsw_official,32,10M,100,bigann,1,200,99.7,667,212.5,6947.9,48
2024-08-01 17:23:27.655,hnsw_official,32,10M,100,bigann,1,300,99.8,465,312.3,10262.8,48
2024-08-01 17:23:28.236,hnsw_official,32,10M,100,bigann,1,400,99.9,360,412.2,13567.2,48
2024-08-01 17:23:28.949,hnsw_official,32,10M,100,bigann,1,500,99.9,293,512.1,16863.1,48
2024-08-01 17:23:28.984,hnsw_official,32,10M,100,bigann,10,10,68.0,6521,25.2,650.0,48
2024-08-01 17:23:29.033,hnsw_official,32,10M,100,bigann,10,20,81.3,4452,34.8,980.8,48
2024-08-01 17:23:29.098,hnsw_official,32,10M,100,bigann,10,30,87.2,3377,44.3,1303.6,48
2024-08-01 17:23:29.193,hnsw_official,32,10M,100,bigann,10,50,92.9,2265,63.6,1959.4,48
2024-08-01 17:23:29.318,hnsw_official,32,10M,100,bigann,10,70,95.4,1703,83.3,2622.3,48
2024-08-01 17:23:29.474,hnsw_official,32,10M,100,bigann,10,90,96.8,1364,103.0,3288.1,48
2024-08-01 17:23:29.645,hnsw_official,32,10M,100,bigann,10,100,97.3,1243,113.0,3620.5,48
2024-08-01 17:23:29.959,hnsw_official,32,10M,100,bigann,10,200,99.1,669,212.5,6947.9,48
2024-08-01 17:23:30.415,hnsw_official,32,10M,100,bigann,10,300,99.6,460,312.3,10262.8,48
2024-08-01 17:23:31.004,hnsw_official,32,10M,100,bigann,10,400,99.8,360,412.2,13567.2,48
2024-08-01 17:23:31.718,hnsw_official,32,10M,100,bigann,10,500,99.8,293,512.1,16863.1,48
2024-08-01 17:23:31.933,hnsw_official,32,10M,100,bigann,100,100,90.6,1222,113.0,3620.5,48
2024-08-01 17:23:32.291,hnsw_official,32,10M,100,bigann,100,200,96.4,661,212.5,6947.9,48
2024-08-01 17:23:32.792,hnsw_official,32,10M,100,bigann,100,300,98.1,464,312.3,10262.8,48
2024-08-01 17:23:33.427,hnsw_official,32,10M,100,bigann,100,400,98.9,358,412.2,13567.2,48
2024-08-01 17:23:34.184,hnsw_official,32,10M,100,bigann,100,500,99.2,293,512.1,16863.1,48
2024-08-01 17:45:36.286,hnsw_official,32,10M,300,bigann,1,1,30.1,2698,14.1,300.9,48
2024-08-01 17:45:36.312,hnsw_official,32,10M,300,bigann,1,5,66.2,8815,19.5,526.2,48
2024-08-01 17:45:36.348,hnsw_official,32,10M,300,bigann,1,10,80.8,6162,24.7,736.5,48
2024-08-01 17:45:36.403,hnsw_official,32,10M,300,bigann,1,20,90.9,3990,34.1,1118.2,48
2024-08-01 17:45:36.475,hnsw_official,32,10M,300,bigann,1,30,94.8,2935,43.6,1500.5,48
2024-08-01 17:45:36.585,hnsw_official,32,10M,300,bigann,1,50,97.7,1931,63.0,2277.0,48
2024-08-01 17:45:36.735,hnsw_official,32,10M,300,bigann,1,70,98.7,1410,82.6,3064.4,48
2024-08-01 17:45:36.918,hnsw_official,32,10M,300,bigann,1,90,99.3,1154,102.4,3857.6,48
2024-08-01 17:45:37.117,hnsw_official,32,10M,300,bigann,1,100,99.4,1058,112.3,4253.3,48
2024-08-01 17:45:37.486,hnsw_official,32,10M,300,bigann,1,200,99.8,566,211.9,8227.3,48
2024-08-01 17:45:38.017,hnsw_official,32,10M,300,bigann,1,300,100.0,394,311.8,12199.4,48
2024-08-01 17:45:38.700,hnsw_official,32,10M,300,bigann,1,400,100.0,306,411.7,16168.5,48
2024-08-01 17:45:39.529,hnsw_official,32,10M,300,bigann,1,500,100.0,251,511.6,20130.1,48
2024-08-01 17:45:39.568,hnsw_official,32,10M,300,bigann,10,10,71.6,5816,24.7,736.5,48
2024-08-01 17:45:39.625,hnsw_official,32,10M,300,bigann,10,20,84.4,3907,34.1,1118.2,48
2024-08-01 17:45:39.698,hnsw_official,32,10M,300,bigann,10,30,90.1,2947,43.6,1500.5,48
2024-08-01 17:45:39.808,hnsw_official,32,10M,300,bigann,10,50,95.0,1956,63.0,2277.0,48
2024-08-01 17:45:39.953,hnsw_official,32,10M,300,bigann,10,70,97.1,1463,82.6,3064.4,48
2024-08-01 17:45:40.134,hnsw_official,32,10M,300,bigann,10,90,98.1,1170,102.4,3857.6,48
2024-08-01 17:45:40.333,hnsw_official,32,10M,300,bigann,10,100,98.4,1065,112.3,4253.3,48
2024-08-01 17:45:40.704,hnsw_official,32,10M,300,bigann,10,200,99.6,567,211.9,8227.3,48
2024-08-01 17:45:41.230,hnsw_official,32,10M,300,bigann,10,300,99.9,398,311.8,12199.4,48
2024-08-01 17:45:41.918,hnsw_official,32,10M,300,bigann,10,400,99.9,306,411.7,16168.5,48
2024-08-01 17:45:42.760,hnsw_official,32,10M,300,bigann,10,500,100.0,248,511.6,20130.1,48
2024-08-01 17:45:43.006,hnsw_official,32,10M,300,bigann,100,100,93.3,1042,112.3,4253.3,48
2024-08-01 17:45:43.422,hnsw_official,32,10M,300,bigann,100,200,97.9,563,211.9,8227.3,48
2024-08-01 17:45:43.996,hnsw_official,32,10M,300,bigann,100,300,99.1,396,311.8,12199.4,48
2024-08-01 17:45:44.737,hnsw_official,32,10M,300,bigann,100,400,99.5,304,411.7,16168.5,48
2024-08-01 17:45:45.621,hnsw_official,32,10M,300,bigann,100,500,99.7,251,511.6,20130.1,48
2024-08-01 18:30:16.666,hnsw_official,32,10M,500,bigann,1,1,29.3,2775,14.0,307.5,48
2024-08-01 18:30:16.694,hnsw_official,32,10M,500,bigann,1,5,67.3,8064,19.4,539.1,48
2024-08-01 18:30:16.732,hnsw_official,32,10M,500,bigann,1,10,81.6,5814,24.6,754.6,48
2024-08-01 18:30:16.789,hnsw_official,32,10M,500,bigann,1,20,91.7,3749,34.0,1151.4,48
2024-08-01 18:30:16.866,hnsw_official,32,10M,500,bigann,1,30,95.3,2779,43.5,1546.6,48
2024-08-01 18:30:16.982,hnsw_official,32,10M,500,bigann,1,50,97.8,1831,62.9,2352.9,48
2024-08-01 18:30:17.136,hnsw_official,32,10M,500,bigann,1,70,98.9,1371,82.5,3171.7,48
2024-08-01 18:30:17.328,hnsw_official,32,10M,500,bigann,1,90,99.3,1097,102.4,3995.7,48
2024-08-01 18:30:17.538,hnsw_official,32,10M,500,bigann,1,100,99.4,1000,112.3,4408.9,48
2024-08-01 18:30:17.928,hnsw_official,32,10M,500,bigann,1,200,99.9,537,211.9,8539.1,48
2024-08-01 18:30:18.488,hnsw_official,32,10M,500,bigann,1,300,100.0,373,311.7,12674.4,48
2024-08-01 18:30:19.212,hnsw_official,32,10M,500,bigann,1,400,100.0,288,411.6,16806.0,48
2024-08-01 18:30:20.095,hnsw_official,32,10M,500,bigann,1,500,100.0,236,511.6,20932.4,48
2024-08-01 18:30:20.135,hnsw_official,32,10M,500,bigann,10,10,71.7,5660,24.6,754.6,48
2024-08-01 18:30:20.194,hnsw_official,32,10M,500,bigann,10,20,84.6,3736,34.0,1151.4,48
2024-08-01 18:30:20.271,hnsw_official,32,10M,500,bigann,10,30,90.2,2799,43.5,1546.6,48
2024-08-01 18:30:20.387,hnsw_official,32,10M,500,bigann,10,50,95.2,1849,62.9,2352.9,48
2024-08-01 18:30:20.541,hnsw_official,32,10M,500,bigann,10,70,97.3,1378,82.5,3171.7,48
2024-08-01 18:30:20.733,hnsw_official,32,10M,500,bigann,10,90,98.2,1105,102.4,3995.7,48
2024-08-01 18:30:20.943,hnsw_official,32,10M,500,bigann,10,100,98.6,1005,112.3,4408.9,48
2024-08-01 18:30:21.337,hnsw_official,32,10M,500,bigann,10,200,99.7,538,211.9,8539.1,48
2024-08-01 18:30:21.898,hnsw_official,32,10M,500,bigann,10,300,99.9,374,311.7,12674.4,48
2024-08-01 18:30:22.618,hnsw_official,32,10M,500,bigann,10,400,99.9,290,411.6,16806.0,48
2024-08-01 18:30:23.501,hnsw_official,32,10M,500,bigann,10,500,100.0,236,511.6,20932.4,48
2024-08-01 18:30:23.754,hnsw_official,32,10M,500,bigann,100,100,93.6,996,112.3,4408.9,48
2024-08-01 18:30:24.192,hnsw_official,32,10M,500,bigann,100,200,98.1,533,211.9,8539.1,48
2024-08-01 18:30:24.796,hnsw_official,32,10M,500,bigann,100,300,99.2,374,311.7,12674.4,48
2024-08-01 18:30:25.567,hnsw_official,32,10M,500,bigann,100,400,99.6,289,411.6,16806.0,48
2024-08-01 18:30:26.495,hnsw_official,32,10M,500,bigann,100,500,99.7,237,511.6,20932.4,48
2024-08-01 19:14:57.249,hnsw_official,32,1M,100,deep,1,1,32.6,5741,11.2,250.1,48
2024-08-01 19:14:57.277,hnsw_official,32,1M,100,deep,1,5,69.7,8242,16.5,421.3,48
2024-08-01 19:14:57.314,hnsw_official,32,1M,100,deep,1,10,82.8,5908,21.6,576.7,48
2024-08-01 19:14:57.370,hnsw_official,32,1M,100,deep,1,20,91.5,3838,31.0,866.8,48
2024-08-01 19:14:57.445,hnsw_official,32,1M,100,deep,1,30,94.9,2874,40.6,1156.6,48
2024-08-01 19:14:57.552,hnsw_official,32,1M,100,deep,1,50,97.3,1965,60.1,1743.0,48
2024-08-01 19:14:57.692,hnsw_official,32,1M,100,deep,1,70,98.3,1513,79.8,2333.0,48
2024-08-01 19:14:57.861,hnsw_official,32,1M,100,deep,1,90,98.8,1247,99.6,2923.2,48
2024-08-01 19:14:58.042,hnsw_official,32,1M,100,deep,1,100,98.9,1160,109.5,3217.8,48
2024-08-01 19:14:58.366,hnsw_official,32,1M,100,deep,1,200,99.7,648,209.1,6152.4,48
2024-08-01 19:14:58.821,hnsw_official,32,1M,100,deep,1,300,99.8,460,309.0,9067.3,48
2024-08-01 19:14:59.403,hnsw_official,32,1M,100,deep,1,400,99.9,359,408.9,11964.9,48
2024-08-01 19:15:00.106,hnsw_official,32,1M,100,deep,1,500,99.9,297,508.8,14849.1,48
2024-08-01 19:15:00.144,hnsw_official,32,1M,100,deep,10,10,75.2,6059,21.6,576.7,48
2024-08-01 19:15:00.197,hnsw_official,32,1M,100,deep,10,20,86.3,4204,31.0,866.8,48
2024-08-01 19:15:00.266,hnsw_official,32,1M,100,deep,10,30,91.0,3126,40.6,1156.6,48
2024-08-01 19:15:00.369,hnsw_official,32,1M,100,deep,10,50,95.1,2083,60.1,1743.0,48
2024-08-01 19:15:00.503,hnsw_official,32,1M,100,deep,10,70,96.9,1596,79.8,2333.0,48
2024-08-01 19:15:00.665,hnsw_official,32,1M,100,deep,10,90,97.9,1311,99.6,2923.2,48
2024-08-01 19:15:00.841,hnsw_official,32,1M,100,deep,10,100,98.2,1199,109.5,3217.8,48
2024-08-01 19:15:01.170,hnsw_official,32,1M,100,deep,10,200,99.4,639,209.1,6152.4,48
2024-08-01 19:15:01.621,hnsw_official,32,1M,100,deep,10,300,99.7,465,309.0,9067.3,48
2024-08-01 19:15:02.190,hnsw_official,32,1M,100,deep,10,400,99.8,367,408.9,11964.9,48
2024-08-01 19:15:02.874,hnsw_official,32,1M,100,deep,10,500,99.9,305,508.8,14849.1,48
2024-08-01 19:15:03.100,hnsw_official,32,1M,100,deep,100,100,93.6,1143,109.5,3217.8,48
2024-08-01 19:15:03.443,hnsw_official,32,1M,100,deep,100,200,97.6,691,209.1,6152.4,48
2024-08-01 19:15:03.937,hnsw_official,32,1M,100,deep,100,300,98.7,471,309.0,9067.3,48
2024-08-01 19:15:04.542,hnsw_official,32,1M,100,deep,100,400,99.2,374,408.9,11964.9,48
2024-08-01 19:15:05.268,hnsw_official,32,1M,100,deep,100,500,99.4,312,508.8,14849.1,48
2024-08-01 19:42:18.793,hnsw_official,32,1M,300,deep,1,1,36.8,6130,11.2,277.3,48
2024-08-01 19:42:18.823,hnsw_official,32,1M,300,deep,1,5,73.3,7660,16.3,473.2,48
2024-08-01 19:42:18.865,hnsw_official,32,1M,300,deep,1,10,86.0,5148,21.2,657.1,48
2024-08-01 19:42:18.931,hnsw_official,32,1M,300,deep,1,20,94.1,3261,30.6,1007.7,48
2024-08-01 19:42:19.019,hnsw_official,32,1M,300,deep,1,30,96.8,2431,40.1,1360.6,48
2024-08-01 19:42:19.147,hnsw_official,32,1M,300,deep,1,50,98.6,1643,59.6,2080.4,48
2024-08-01 19:42:19.311,hnsw_official,32,1M,300,deep,1,70,99.2,1287,79.4,2806.7,48
2024-08-01 19:42:19.509,hnsw_official,32,1M,300,deep,1,90,99.5,1060,99.2,3534.5,48
2024-08-01 19:42:19.722,hnsw_official,32,1M,300,deep,1,100,99.5,989,109.1,3898.1,48
2024-08-01 19:42:20.098,hnsw_official,32,1M,300,deep,1,200,99.9,556,208.8,7538.8,48
2024-08-01 19:42:20.625,hnsw_official,32,1M,300,deep,1,300,100.0,397,308.7,11167.5,48
2024-08-01 19:42:21.301,hnsw_official,32,1M,300,deep,1,400,100.0,308,408.6,14789.0,48
2024-08-01 19:42:22.110,hnsw_official,32,1M,300,deep,1,500,100.0,258,508.6,18404.7,48
2024-08-01 19:42:22.149,hnsw_official,32,1M,300,deep,10,10,78.0,5656,21.2,657.1,48
2024-08-01 19:42:22.210,hnsw_official,32,1M,300,deep,10,20,89.0,3606,30.6,1007.7,48
2024-08-01 19:42:22.296,hnsw_official,32,1M,300,deep,10,30,93.4,2536,40.1,1360.6,48
2024-08-01 19:42:22.419,hnsw_official,32,1M,300,deep,10,50,96.9,1741,59.6,2080.4,48
2024-08-01 19:42:22.588,hnsw_official,32,1M,300,deep,10,70,98.3,1255,79.4,2806.7,48
2024-08-01 19:42:22.794,hnsw_official,32,1M,300,deep,10,90,98.9,1041,99.2,3534.5,48
2024-08-01 19:42:23.005,hnsw_official,32,1M,300,deep,10,100,99.1,1004,109.1,3898.1,48
2024-08-01 19:42:23.381,hnsw_official,32,1M,300,deep,10,200,99.8,558,208.8,7538.8,48
2024-08-01 19:42:23.907,hnsw_official,32,1M,300,deep,10,300,99.9,398,308.7,11167.5,48
2024-08-01 19:42:24.578,hnsw_official,32,1M,300,deep,10,400,99.9,312,408.6,14789.0,48
2024-08-01 19:42:25.393,hnsw_official,32,1M,300,deep,10,500,100.0,256,508.6,18404.7,48
2024-08-01 19:42:25.643,hnsw_official,32,1M,300,deep,100,100,95.8,1007,109.1,3898.1,48
2024-08-01 19:42:26.060,hnsw_official,32,1M,300,deep,100,200,98.8,557,208.8,7538.8,48
2024-08-01 19:42:26.632,hnsw_official,32,1M,300,deep,100,300,99.4,395,308.7,11167.5,48
2024-08-01 19:42:27.364,hnsw_official,32,1M,300,deep,100,400,99.7,309,408.6,14789.0,48
2024-08-01 19:42:28.226,hnsw_official,32,1M,300,deep,100,500,99.8,255,508.6,18404.7,48
2024-08-01 20:29:38.233,hnsw_official,32,1M,500,deep,1,1,36.2,5077,11.2,283.9,48
2024-08-01 20:29:38.266,hnsw_official,32,1M,500,deep,1,5,73.4,6781,16.3,486.9,48
2024-08-01 20:29:38.311,hnsw_official,32,1M,500,deep,1,10,86.1,4809,21.1,679.0,48
2024-08-01 20:29:38.381,hnsw_official,32,1M,500,deep,1,20,94.4,3048,30.5,1046.1,48
2024-08-01 20:29:38.474,hnsw_official,32,1M,500,deep,1,30,96.8,2283,40.1,1417.2,48
2024-08-01 20:29:38.610,hnsw_official,32,1M,500,deep,1,50,98.7,1552,59.6,2175.5,48
2024-08-01 20:29:38.785,hnsw_official,32,1M,500,deep,1,70,99.3,1203,79.4,2941.5,48
2024-08-01 20:29:38.997,hnsw_official,32,1M,500,deep,1,90,99.7,993,99.2,3708.7,48
2024-08-01 20:29:39.224,hnsw_official,32,1M,500,deep,1,100,99.7,926,109.1,4091.7,48
2024-08-01 20:29:39.625,hnsw_official,32,1M,500,deep,1,200,99.9,521,208.8,7935.4,48
2024-08-01 20:29:40.187,hnsw_official,32,1M,500,deep,1,300,100.0,372,308.7,11773.0,48
2024-08-01 20:29:40.904,hnsw_official,32,1M,500,deep,1,400,100.0,291,408.6,15604.2,48
2024-08-01 20:29:41.768,hnsw_official,32,1M,500,deep,1,500,100.0,241,508.6,19431.9,48
2024-08-01 20:29:41.810,hnsw_official,32,1M,500,deep,10,10,78.2,5243,21.1,679.0,48
2024-08-01 20:29:41.879,hnsw_official,32,1M,500,deep,10,20,89.4,3168,30.5,1046.1,48
2024-08-01 20:29:41.970,hnsw_official,32,1M,500,deep,10,30,93.7,2365,40.1,1417.2,48
2024-08-01 20:29:42.108,hnsw_official,32,1M,500,deep,10,50,97.2,1538,59.6,2175.5,48
2024-08-01 20:29:42.289,hnsw_official,32,1M,500,deep,10,70,98.5,1173,79.4,2941.5,48
2024-08-01 20:29:42.495,hnsw_official,32,1M,500,deep,10,90,99.1,1024,99.2,3708.7,48
2024-08-01 20:29:42.719,hnsw_official,32,1M,500,deep,10,100,99.2,938,109.1,4091.7,48
2024-08-01 20:29:43.123,hnsw_official,32,1M,500,deep,10,200,99.8,523,208.8,7935.4,48
2024-08-01 20:29:43.690,hnsw_official,32,1M,500,deep,10,300,99.9,372,308.7,11773.0,48
2024-08-01 20:29:44.404,hnsw_official,32,1M,500,deep,10,400,100.0,293,408.6,15604.2,48
2024-08-01 20:29:45.269,hnsw_official,32,1M,500,deep,10,500,100.0,241,508.6,19431.9,48
2024-08-01 20:29:45.546,hnsw_official,32,1M,500,deep,100,100,96.2,943,109.1,4091.7,48
2024-08-01 20:29:45.996,hnsw_official,32,1M,500,deep,100,200,99.0,518,208.8,7935.4,48
2024-08-01 20:29:46.606,hnsw_official,32,1M,500,deep,100,300,99.6,371,308.7,11773.0,48
2024-08-01 20:29:47.371,hnsw_official,32,1M,500,deep,100,400,99.8,289,408.6,15604.2,48
2024-08-01 20:29:48.285,hnsw_official,32,1M,500,deep,100,500,99.9,241,508.6,19431.9,48
2024-08-01 19:20:49.122,hnsw_official,32,10M,100,deep,1,1,25.2,2585,14.1,262.6,48
2024-08-01 19:20:49.158,hnsw_official,32,10M,100,deep,1,5,60.4,6142,20.0,466.8,48
2024-08-01 19:20:49.208,hnsw_official,32,10M,100,deep,1,10,74.6,4340,25.3,648.0,48
2024-08-01 19:20:49.284,hnsw_official,32,10M,100,deep,1,20,86.0,2828,35.0,972.1,48
2024-08-01 19:20:49.384,hnsw_official,32,10M,100,deep,1,30,90.4,2120,44.6,1290.4,48
2024-08-01 19:20:49.531,hnsw_official,32,10M,100,deep,1,50,94.5,1431,64.0,1931.6,48
2024-08-01 19:20:49.726,hnsw_official,32,10M,100,deep,1,70,96.2,1077,83.7,2577.7,48
2024-08-01 19:20:49.967,hnsw_official,32,10M,100,deep,1,90,97.5,874,103.4,3223.6,48
2024-08-01 19:20:50.229,hnsw_official,32,10M,100,deep,1,100,97.8,802,113.3,3548.1,48
2024-08-01 19:20:50.705,hnsw_official,32,10M,100,deep,1,200,99.0,440,212.8,6765.2,48
2024-08-01 19:20:51.378,hnsw_official,32,10M,100,deep,1,300,99.4,310,312.6,9966.6,48
2024-08-01 19:20:52.246,hnsw_official,32,10M,100,deep,1,400,99.5,240,412.5,13146.8,48
2024-08-01 19:20:53.293,hnsw_official,32,10M,100,deep,1,500,99.7,199,512.4,16315.0,48
2024-08-01 19:20:53.346,hnsw_official,32,10M,100,deep,10,10,66.8,4150,25.3,648.0,48
2024-08-01 19:20:53.424,hnsw_official,32,10M,100,deep,10,20,79.4,2795,35.0,972.1,48
2024-08-01 19:20:53.525,hnsw_official,32,10M,100,deep,10,30,85.3,2127,44.6,1290.4,48
2024-08-01 19:20:53.673,hnsw_official,32,10M,100,deep,10,50,91.0,1439,64.0,1931.6,48
2024-08-01 19:20:53.867,hnsw_official,32,10M,100,deep,10,70,93.8,1088,83.7,2577.7,48
2024-08-01 19:20:54.106,hnsw_official,32,10M,100,deep,10,90,95.3,884,103.4,3223.6,48
2024-08-01 19:20:54.367,hnsw_official,32,10M,100,deep,10,100,95.9,807,113.3,3548.1,48
2024-08-01 19:20:54.842,hnsw_official,32,10M,100,deep,10,200,98.2,442,212.8,6765.2,48
2024-08-01 19:20:55.514,hnsw_official,32,10M,100,deep,10,300,99.0,311,312.6,9966.6,48
2024-08-01 19:20:56.371,hnsw_official,32,10M,100,deep,10,400,99.3,244,412.5,13146.8,48
2024-08-01 19:20:57.410,hnsw_official,32,10M,100,deep,10,500,99.5,201,512.4,16315.0,48
2024-08-01 19:20:57.719,hnsw_official,32,10M,100,deep,100,100,88.9,797,113.3,3548.1,48
2024-08-01 19:20:58.247,hnsw_official,32,10M,100,deep,100,200,94.9,442,212.8,6765.2,48
2024-08-01 19:20:58.973,hnsw_official,32,10M,100,deep,100,300,96.9,312,312.6,9966.6,48
2024-08-01 19:20:59.878,hnsw_official,32,10M,100,deep,100,400,97.9,243,412.5,13146.8,48
2024-08-01 19:21:00.962,hnsw_official,32,10M,100,deep,100,500,98.5,201,512.4,16315.0,48
2024-08-01 19:55:57.822,hnsw_official,32,10M,300,deep,1,1,28.4,2647,14.1,293.9,48
2024-08-01 19:55:57.862,hnsw_official,32,10M,300,deep,1,5,64.7,5458,19.6,523.0,48
2024-08-01 19:55:57.919,hnsw_official,32,10M,300,deep,1,10,78.3,3814,24.8,733.5,48
2024-08-01 19:55:58.006,hnsw_official,32,10M,300,deep,1,20,88.8,2442,34.3,1119.8,48
2024-08-01 19:55:58.123,hnsw_official,32,10M,300,deep,1,30,93.0,1809,43.8,1500.1,48
2024-08-01 19:55:58.300,hnsw_official,32,10M,300,deep,1,50,96.3,1193,63.2,2275.7,48
2024-08-01 19:55:58.534,hnsw_official,32,10M,300,deep,1,70,97.8,898,82.9,3060.0,48
2024-08-01 19:55:58.824,hnsw_official,32,10M,300,deep,1,90,98.5,725,102.6,3848.5,48
2024-08-01 19:55:59.140,hnsw_official,32,10M,300,deep,1,100,98.8,663,112.5,4242.4,48
2024-08-01 19:55:59.719,hnsw_official,32,10M,300,deep,1,200,99.6,361,212.1,8195.1,48
2024-08-01 19:56:00.541,hnsw_official,32,10M,300,deep,1,300,99.8,254,311.9,12136.2,48
2024-08-01 19:56:01.599,hnsw_official,32,10M,300,deep,1,400,99.8,197,411.8,16068.9,48
2024-08-01 19:56:02.879,hnsw_official,32,10M,300,deep,1,500,99.9,163,511.8,19997.7,48
2024-08-01 19:56:02.939,hnsw_official,32,10M,300,deep,10,10,70.2,3668,24.8,733.5,48
2024-08-01 19:56:03.029,hnsw_official,32,10M,300,deep,10,20,82.9,2402,34.3,1119.8,48
2024-08-01 19:56:03.148,hnsw_official,32,10M,300,deep,10,30,88.5,1804,43.8,1500.1,48
2024-08-01 19:56:03.326,hnsw_official,32,10M,300,deep,10,50,93.6,1195,63.2,2275.7,48
2024-08-01 19:56:03.559,hnsw_official,32,10M,300,deep,10,70,96.0,904,82.9,3060.0,48
2024-08-01 19:56:03.849,hnsw_official,32,10M,300,deep,10,90,97.2,727,102.6,3848.5,48
2024-08-01 19:56:04.165,hnsw_official,32,10M,300,deep,10,100,97.6,666,112.5,4242.4,48
2024-08-01 19:56:04.738,hnsw_official,32,10M,300,deep,10,200,99.2,365,212.1,8195.1,48
2024-08-01 19:56:05.556,hnsw_official,32,10M,300,deep,10,300,99.6,256,311.9,12136.2,48
2024-08-01 19:56:06.605,hnsw_official,32,10M,300,deep,10,400,99.8,199,411.8,16068.9,48
2024-08-01 19:56:07.869,hnsw_official,32,10M,300,deep,10,500,99.8,165,511.8,19997.7,48
2024-08-01 19:56:08.231,hnsw_official,32,10M,300,deep,100,100,92.1,661,112.5,4242.4,48
2024-08-01 19:56:08.851,hnsw_official,32,10M,300,deep,100,200,97.1,364,212.1,8195.1,48
2024-08-01 19:56:09.717,hnsw_official,32,10M,300,deep,100,300,98.5,258,311.9,12136.2,48
2024-08-01 19:56:10.805,hnsw_official,32,10M,300,deep,100,400,99.1,200,411.8,16068.9,48
2024-08-01 19:56:12.118,hnsw_official,32,10M,300,deep,100,500,99.4,165,511.8,19997.7,48
2024-08-01 20:50:49.232,hnsw_official,32,10M,500,deep,1,1,29.2,2547,14.1,306.3,48
2024-08-01 20:50:49.274,hnsw_official,32,10M,500,deep,1,5,65.2,5216,19.6,542.7,48
2024-08-01 20:50:49.332,hnsw_official,32,10M,500,deep,1,10,79.0,3689,24.7,758.7,48
2024-08-01 20:50:49.423,hnsw_official,32,10M,500,deep,1,20,89.3,2342,34.2,1159.4,48
2024-08-01 20:50:49.545,hnsw_official,32,10M,500,deep,1,30,93.5,1747,43.7,1557.7,48
2024-08-01 20:50:49.728,hnsw_official,32,10M,500,deep,1,50,97.0,1147,63.1,2366.6,48
2024-08-01 20:50:49.971,hnsw_official,32,10M,500,deep,1,70,98.1,865,82.8,3186.1,48
2024-08-01 20:50:50.273,hnsw_official,32,10M,500,deep,1,90,98.7,695,102.6,4009.9,48
2024-08-01 20:50:50.604,hnsw_official,32,10M,500,deep,1,100,98.9,633,112.5,4422.8,48
2024-08-01 20:50:51.209,hnsw_official,32,10M,500,deep,1,200,99.6,345,212.0,8555.1,48
2024-08-01 20:50:52.069,hnsw_official,32,10M,500,deep,1,300,99.8,243,311.8,12683.1,48
2024-08-01 20:50:53.168,hnsw_official,32,10M,500,deep,1,400,99.9,190,411.7,16807.1,48
2024-08-01 20:50:54.506,hnsw_official,32,10M,500,deep,1,500,99.9,156,511.7,20925.7,48
2024-08-01 20:50:54.569,hnsw_official,32,10M,500,deep,10,10,70.8,3545,24.7,758.7,48
2024-08-01 20:50:54.662,hnsw_official,32,10M,500,deep,10,20,83.3,2307,34.2,1159.4,48
2024-08-01 20:50:54.785,hnsw_official,32,10M,500,deep,10,30,88.9,1736,43.7,1557.7,48
2024-08-01 20:50:54.969,hnsw_official,32,10M,500,deep,10,50,94.1,1155,63.1,2366.6,48
2024-08-01 20:50:55.212,hnsw_official,32,10M,500,deep,10,70,96.3,868,82.8,3186.1,48
2024-08-01 20:50:55.511,hnsw_official,32,10M,500,deep,10,90,97.5,701,102.6,4009.9,48
2024-08-01 20:50:55.842,hnsw_official,32,10M,500,deep,10,100,97.9,636,112.5,4422.8,48
2024-08-01 20:50:56.442,hnsw_official,32,10M,500,deep,10,200,99.3,349,212.0,8555.1,48
2024-08-01 20:50:57.296,hnsw_official,32,10M,500,deep,10,300,99.7,245,311.8,12683.1,48
2024-08-01 20:50:58.392,hnsw_official,32,10M,500,deep,10,400,99.8,191,411.7,16807.1,48
2024-08-01 20:50:59.721,hnsw_official,32,10M,500,deep,10,500,99.9,157,511.7,20925.7,48
2024-08-01 20:51:00.095,hnsw_official,32,10M,500,deep,100,100,92.5,636,112.5,4422.8,48
2024-08-01 20:51:00.732,hnsw_official,32,10M,500,deep,100,200,97.4,351,212.0,8555.1,48
2024-08-01 20:51:01.635,hnsw_official,32,10M,500,deep,100,300,98.7,245,311.8,12683.1,48
2024-08-01 20:51:02.768,hnsw_official,32,10M,500,deep,100,400,99.2,192,411.7,16807.1,48
2024-08-01 20:51:04.135,hnsw_official,32,10M,500,deep,100,500,99.5,158,511.7,20925.7,48
2024-08-01 21:35:00.898,hnsw_official,32,1M,100,msspacev,1,1,28.7,7291,10.7,260.4,48
2024-08-01 21:35:01.011,hnsw_official,32,1M,100,msspacev,1,5,61.8,5655,16.7,470.1,48
2024-08-01 21:35:01.163,hnsw_official,32,1M,100,msspacev,1,10,73.2,4180,22.3,660.5,48
2024-08-01 21:35:01.386,hnsw_official,32,1M,100,msspacev,1,20,82.3,2796,32.6,1014.6,48
2024-08-01 21:35:01.673,hnsw_official,32,1M,100,msspacev,1,30,86.1,2167,42.7,1360.4,48
2024-08-01 21:35:02.087,hnsw_official,32,1M,100,msspacev,1,50,90.0,1493,62.6,2050.7,48
2024-08-01 21:35:02.619,hnsw_official,32,1M,100,msspacev,1,70,92.0,1159,82.4,2739.9,48
2024-08-01 21:35:03.265,hnsw_official,32,1M,100,msspacev,1,90,93.1,952,102.2,3429.3,48
2024-08-01 21:35:03.963,hnsw_official,32,1M,100,msspacev,1,100,93.5,885,112.1,3772.9,48
2024-08-01 21:35:05.199,hnsw_official,32,1M,100,msspacev,1,200,96.0,496,211.7,7216.3,48
2024-08-01 21:35:06.861,hnsw_official,32,1M,100,msspacev,1,300,96.9,368,311.4,10632.1,48
2024-08-01 21:35:09.001,hnsw_official,32,1M,100,msspacev,1,400,97.4,286,411.1,14028.6,48
2024-08-01 21:35:11.584,hnsw_official,32,1M,100,msspacev,1,500,97.8,237,510.8,17407.1,48
2024-08-01 21:35:11.718,hnsw_official,32,1M,100,msspacev,10,10,68.0,4856,22.3,660.5,48
2024-08-01 21:35:11.911,hnsw_official,32,1M,100,msspacev,10,20,78.5,3297,32.6,1014.6,48
2024-08-01 21:35:12.161,hnsw_official,32,1M,100,msspacev,10,30,83.2,2522,42.7,1360.4,48
2024-08-01 21:35:12.522,hnsw_official,32,1M,100,msspacev,10,50,88.0,1727,62.6,2050.7,48
2024-08-01 21:35:12.991,hnsw_official,32,1M,100,msspacev,10,70,90.4,1324,82.4,2739.9,48
2024-08-01 21:35:13.566,hnsw_official,32,1M,100,msspacev,10,90,91.8,1078,102.2,3429.3,48
2024-08-01 21:35:14.194,hnsw_official,32,1M,100,msspacev,10,100,92.3,984,112.1,3772.9,48
2024-08-01 21:35:15.327,hnsw_official,32,1M,100,msspacev,10,200,95.2,542,211.7,7216.3,48
2024-08-01 21:35:16.937,hnsw_official,32,1M,100,msspacev,10,300,96.3,381,311.4,10632.1,48
2024-08-01 21:35:19.014,hnsw_official,32,1M,100,msspacev,10,400,96.9,295,411.1,14028.6,48
2024-08-01 21:35:21.549,hnsw_official,32,1M,100,msspacev,10,500,97.3,242,510.8,17407.1,48
2024-08-01 21:35:22.299,hnsw_official,32,1M,100,msspacev,100,100,85.2,980,112.1,3772.9,48
2024-08-01 21:35:23.558,hnsw_official,32,1M,100,msspacev,100,200,91.3,538,211.7,7216.3,48
2024-08-01 21:35:25.295,hnsw_official,32,1M,100,msspacev,100,300,93.7,378,311.4,10632.1,48
2024-08-01 21:35:27.501,hnsw_official,32,1M,100,msspacev,100,400,94.9,293,411.1,14028.6,48
2024-08-01 21:35:30.124,hnsw_official,32,1M,100,msspacev,100,500,95.7,246,510.8,17407.1,48
2024-08-02 02:36:35.659,hnsw_official,32,1M,300,msspacev,1,1,31.5,9422,10.8,297.4,48
2024-08-02 02:36:35.773,hnsw_official,32,1M,300,msspacev,1,5,66.7,5592,16.5,541.5,48
2024-08-02 02:36:35.942,hnsw_official,32,1M,300,msspacev,1,10,78.3,3749,21.9,766.5,48
2024-08-02 02:36:36.201,hnsw_official,32,1M,300,msspacev,1,20,86.9,2400,31.9,1185.3,48
2024-08-02 02:36:36.542,hnsw_official,32,1M,300,msspacev,1,30,90.4,1816,41.7,1599.9,48
2024-08-02 02:36:37.041,hnsw_official,32,1M,300,msspacev,1,50,93.7,1236,61.2,2430.0,48
2024-08-02 02:36:37.691,hnsw_official,32,1M,300,msspacev,1,70,95.3,948,80.9,3263.5,48
2024-08-02 02:36:38.493,hnsw_official,32,1M,300,msspacev,1,90,96.3,766,100.7,4102.0,48
2024-08-02 02:36:39.394,hnsw_official,32,1M,300,msspacev,1,100,96.6,681,110.6,4520.6,48
2024-08-02 02:36:41.026,hnsw_official,32,1M,300,msspacev,1,200,98.2,376,210.0,8712.7,48
2024-08-02 02:36:43.357,hnsw_official,32,1M,300,msspacev,1,300,98.7,262,309.6,12892.4,48
2024-08-02 02:36:46.346,hnsw_official,32,1M,300,msspacev,1,400,98.9,204,409.5,17063.5,48
2024-08-02 02:36:50.028,hnsw_official,32,1M,300,msspacev,1,500,99.2,166,509.3,21219.8,48
2024-08-02 02:36:50.187,hnsw_official,32,1M,300,msspacev,10,10,72.7,4056,21.9,766.5,48
2024-08-02 02:36:50.434,hnsw_official,32,1M,300,msspacev,10,20,83.1,2555,31.9,1185.3,48
2024-08-02 02:36:50.771,hnsw_official,32,1M,300,msspacev,10,30,87.7,1853,41.7,1599.9,48
2024-08-02 02:36:51.273,hnsw_official,32,1M,300,msspacev,10,50,92.1,1234,61.2,2430.0,48
2024-08-02 02:36:51.939,hnsw_official,32,1M,300,msspacev,10,70,94.1,928,80.9,3263.5,48
2024-08-02 02:36:52.763,hnsw_official,32,1M,300,msspacev,10,90,95.3,749,100.7,4102.0,48
2024-08-02 02:36:53.663,hnsw_official,32,1M,300,msspacev,10,100,95.8,685,110.6,4520.6,48
2024-08-02 02:36:55.321,hnsw_official,32,1M,300,msspacev,10,200,97.8,370,210.0,8712.7,48
2024-08-02 02:36:57.674,hnsw_official,32,1M,300,msspacev,10,300,98.4,260,309.6,12892.4,48
2024-08-02 02:37:00.740,hnsw_official,32,1M,300,msspacev,10,400,98.8,200,409.5,17063.5,48
2024-08-02 02:37:04.464,hnsw_official,32,1M,300,msspacev,10,500,99.0,164,509.3,21219.8,48
2024-08-02 02:37:05.477,hnsw_official,32,1M,300,msspacev,100,100,89.1,688,110.6,4520.6,48
2024-08-02 02:37:07.228,hnsw_official,32,1M,300,msspacev,100,200,94.6,375,210.0,8712.7,48
2024-08-02 02:37:09.688,hnsw_official,32,1M,300,msspacev,100,300,96.5,262,309.6,12892.4,48
2024-08-02 02:37:12.848,hnsw_official,32,1M,300,msspacev,100,400,97.4,201,409.5,17063.5,48
2024-08-02 02:37:16.655,hnsw_official,32,1M,300,msspacev,100,500,97.9,166,509.3,21219.8,48
2024-08-02 05:07:42.104,hnsw_official,32,1M,500,msspacev,1,1,32.1,9402,10.8,307.0,48
2024-08-02 05:07:42.222,hnsw_official,32,1M,500,msspacev,1,5,67.3,5432,16.6,558.2,48
2024-08-02 05:07:42.395,hnsw_official,32,1M,500,msspacev,1,10,79.0,3646,21.9,788.8,48
2024-08-02 05:07:42.663,hnsw_official,32,1M,500,msspacev,1,20,87.4,2321,31.8,1221.4,48
2024-08-02 05:07:43.015,hnsw_official,32,1M,500,msspacev,1,30,91.0,1759,41.5,1647.3,48
2024-08-02 05:07:43.529,hnsw_official,32,1M,500,msspacev,1,50,94.3,1199,61.1,2506.0,48
2024-08-02 05:07:44.207,hnsw_official,32,1M,500,msspacev,1,70,95.9,915,80.7,3370.5,48
2024-08-02 05:07:45.039,hnsw_official,32,1M,500,msspacev,1,90,96.8,740,100.5,4236.1,48
2024-08-02 05:07:45.977,hnsw_official,32,1M,500,msspacev,1,100,97.1,654,110.4,4669.6,48
2024-08-02 05:07:47.669,hnsw_official,32,1M,500,msspacev,1,200,98.5,362,209.7,9010.3,48
2024-08-02 05:07:50.074,hnsw_official,32,1M,500,msspacev,1,300,99.0,254,309.4,13344.3,48
2024-08-02 05:07:53.199,hnsw_official,32,1M,500,msspacev,1,400,99.2,196,409.3,17669.5,48
2024-08-02 05:07:56.986,hnsw_official,32,1M,500,msspacev,1,500,99.4,161,509.1,21981.0,48
2024-08-02 05:07:57.148,hnsw_official,32,1M,500,msspacev,10,10,73.3,3973,21.9,788.8,48
2024-08-02 05:07:57.400,hnsw_official,32,1M,500,msspacev,10,20,83.8,2504,31.8,1221.4,48
2024-08-02 05:07:57.742,hnsw_official,32,1M,500,msspacev,10,30,88.3,1832,41.5,1647.3,48
2024-08-02 05:07:58.256,hnsw_official,32,1M,500,msspacev,10,50,92.7,1206,61.1,2506.0,48
2024-08-02 05:07:58.936,hnsw_official,32,1M,500,msspacev,10,70,94.8,908,80.7,3370.5,48
2024-08-02 05:07:59.775,hnsw_official,32,1M,500,msspacev,10,90,96.0,735,100.5,4236.1,48
2024-08-02 05:08:00.692,hnsw_official,32,1M,500,msspacev,10,100,96.4,671,110.4,4669.6,48
2024-08-02 05:08:02.384,hnsw_official,32,1M,500,msspacev,10,200,98.2,363,209.7,9010.3,48
2024-08-02 05:08:04.796,hnsw_official,32,1M,500,msspacev,10,300,98.7,254,309.4,13344.3,48
2024-08-02 05:08:07.902,hnsw_official,32,1M,500,msspacev,10,400,99.0,197,409.3,17669.5,48
2024-08-02 05:08:11.706,hnsw_official,32,1M,500,msspacev,10,500,99.2,161,509.1,21981.0,48
2024-08-02 05:08:12.738,hnsw_official,32,1M,500,msspacev,100,100,89.7,673,110.4,4669.6,48
2024-08-02 05:08:14.529,hnsw_official,32,1M,500,msspacev,100,200,95.1,367,209.7,9010.3,48
2024-08-02 05:08:17.057,hnsw_official,32,1M,500,msspacev,100,300,96.9,254,309.4,13344.3,48
2024-08-02 05:08:20.258,hnsw_official,32,1M,500,msspacev,100,400,97.8,198,409.3,17669.5,48
2024-08-02 05:08:24.161,hnsw_official,32,1M,500,msspacev,100,500,98.3,161,509.1,21981.0,48
2024-08-01 21:53:14.218,hnsw_official,32,10M,100,msspacev,1,1,28.7,5226,13.4,277.2,48
2024-08-01 21:53:14.341,hnsw_official,32,10M,100,msspacev,1,5,60.6,5184,19.8,498.9,48
2024-08-01 21:53:14.519,hnsw_official,32,10M,100,msspacev,1,10,72.0,3561,25.7,693.7,48
2024-08-01 21:53:14.785,hnsw_official,32,10M,100,msspacev,1,20,80.0,2336,36.3,1039.6,48
2024-08-01 21:53:15.135,hnsw_official,32,10M,100,msspacev,1,30,84.0,1765,46.6,1376.9,48
2024-08-01 21:53:15.647,hnsw_official,32,10M,100,msspacev,1,50,88.2,1205,66.8,2044.2,48
2024-08-01 21:53:16.313,hnsw_official,32,10M,100,msspacev,1,70,90.4,924,87.0,2710.2,48
2024-08-01 21:53:17.128,hnsw_official,32,10M,100,msspacev,1,90,91.7,753,107.0,3372.5,48
2024-08-01 21:53:18.014,hnsw_official,32,10M,100,msspacev,1,100,92.2,692,117.0,3704.2,48
2024-08-01 21:53:19.620,hnsw_official,32,10M,100,msspacev,1,200,94.9,381,216.9,7020.3,48
2024-08-01 21:53:21.908,hnsw_official,32,10M,100,msspacev,1,300,95.9,267,316.6,10328.7,48
2024-08-01 21:53:24.857,hnsw_official,32,10M,100,msspacev,1,400,96.5,207,416.4,13634.3,48
2024-08-01 21:53:28.435,hnsw_official,32,10M,100,msspacev,1,500,96.9,171,516.3,16935.3,48
2024-08-01 21:53:28.611,hnsw_official,32,10M,100,msspacev,10,10,68.4,3648,25.7,693.7,48
2024-08-01 21:53:28.871,hnsw_official,32,10M,100,msspacev,10,20,77.8,2418,36.3,1039.6,48
2024-08-01 21:53:29.212,hnsw_official,32,10M,100,msspacev,10,30,82.5,1835,46.6,1376.9,48
2024-08-01 21:53:29.704,hnsw_official,32,10M,100,msspacev,10,50,87.1,1259,66.8,2044.2,48
2024-08-01 21:53:30.346,hnsw_official,32,10M,100,msspacev,10,70,89.4,962,87.0,2710.2,48
2024-08-01 21:53:31.132,hnsw_official,32,10M,100,msspacev,10,90,90.9,784,107.0,3372.5,48
2024-08-01 21:53:31.987,hnsw_official,32,10M,100,msspacev,10,100,91.4,720,117.0,3704.2,48
2024-08-01 21:53:33.550,hnsw_official,32,10M,100,msspacev,10,200,94.3,394,216.9,7020.3,48
2024-08-01 21:53:35.768,hnsw_official,32,10M,100,msspacev,10,300,95.4,276,316.6,10328.7,48
2024-08-01 21:53:38.646,hnsw_official,32,10M,100,msspacev,10,400,96.0,212,416.4,13634.3,48
2024-08-01 21:53:42.149,hnsw_official,32,10M,100,msspacev,10,500,96.4,174,516.3,16935.3,48
2024-08-01 21:53:43.120,hnsw_official,32,10M,100,msspacev,100,100,85.0,727,117.0,3704.2,48
2024-08-01 21:53:44.776,hnsw_official,32,10M,100,msspacev,100,200,90.6,400,216.9,7020.3,48
2024-08-01 21:53:47.094,hnsw_official,32,10M,100,msspacev,100,300,92.7,279,316.6,10328.7,48
2024-08-01 21:53:50.073,hnsw_official,32,10M,100,msspacev,100,400,93.9,215,416.4,13634.3,48
2024-08-01 21:53:53.670,hnsw_official,32,10M,100,msspacev,100,500,94.7,176,516.3,16935.3,48
2024-08-02 03:02:11.471,hnsw_official,32,10M,300,msspacev,1,1,34.0,4617,13.8,330.1,48
2024-08-02 03:02:11.617,hnsw_official,32,10M,300,msspacev,1,5,67.7,4319,19.7,582.1,48
2024-08-02 03:02:11.828,hnsw_official,32,10M,300,msspacev,1,10,78.0,2977,25.1,808.7,48
2024-08-02 03:02:12.153,hnsw_official,32,10M,300,msspacev,1,20,85.8,1906,35.3,1231.9,48
2024-08-02 03:02:12.587,hnsw_official,32,10M,300,msspacev,1,30,89.3,1424,45.3,1647.9,48
2024-08-02 03:02:13.231,hnsw_official,32,10M,300,msspacev,1,50,92.7,954,65.1,2480.5,48
2024-08-02 03:02:14.078,hnsw_official,32,10M,300,msspacev,1,70,94.4,725,84.9,3311.9,48
2024-08-02 03:02:15.122,hnsw_official,32,10M,300,msspacev,1,90,95.4,587,104.7,4144.4,48
2024-08-02 03:02:16.258,hnsw_official,32,10M,300,msspacev,1,100,95.7,539,114.6,4563.5,48
2024-08-02 03:02:18.343,hnsw_official,32,10M,300,msspacev,1,200,97.7,293,214.1,8766.2,48
2024-08-02 03:02:21.327,hnsw_official,32,10M,300,msspacev,1,300,98.3,205,313.7,12974.6,48
2024-08-02 03:02:25.174,hnsw_official,32,10M,300,msspacev,1,400,98.6,159,413.5,17185.2,48
2024-08-02 03:02:29.860,hnsw_official,32,10M,300,msspacev,1,500,98.8,130,513.4,21392.4,48
2024-08-02 03:02:30.068,hnsw_official,32,10M,300,msspacev,10,10,74.1,3033,25.1,808.7,48
2024-08-02 03:02:30.387,hnsw_official,32,10M,300,msspacev,10,20,83.6,1964,35.3,1231.9,48
2024-08-02 03:02:30.808,hnsw_official,32,10M,300,msspacev,10,30,87.8,1477,45.3,1647.9,48
2024-08-02 03:02:31.428,hnsw_official,32,10M,300,msspacev,10,50,91.8,996,65.1,2480.5,48
2024-08-02 03:02:32.244,hnsw_official,32,10M,300,msspacev,10,70,93.8,755,84.9,3311.9,48
2024-08-02 03:02:33.246,hnsw_official,32,10M,300,msspacev,10,90,94.9,614,104.7,4144.4,48
2024-08-02 03:02:34.343,hnsw_official,32,10M,300,msspacev,10,100,95.4,561,114.6,4563.5,48
2024-08-02 03:02:36.351,hnsw_official,32,10M,300,msspacev,10,200,97.5,305,214.1,8766.2,48
2024-08-02 03:02:39.243,hnsw_official,32,10M,300,msspacev,10,300,98.2,211,313.7,12974.6,48
2024-08-02 03:02:42.998,hnsw_official,32,10M,300,msspacev,10,400,98.5,163,413.5,17185.2,48
2024-08-02 03:02:47.572,hnsw_official,32,10M,300,msspacev,10,500,98.8,133,513.4,21392.4,48
2024-08-02 03:02:48.766,hnsw_official,32,10M,300,msspacev,100,100,89.4,571,114.6,4563.5,48
2024-08-02 03:02:50.863,hnsw_official,32,10M,300,msspacev,100,200,94.4,310,214.1,8766.2,48
2024-08-02 03:02:53.836,hnsw_official,32,10M,300,msspacev,100,300,96.2,214,313.7,12974.6,48
2024-08-02 03:02:57.666,hnsw_official,32,10M,300,msspacev,100,400,97.0,165,413.5,17185.2,48
2024-08-02 03:03:02.327,hnsw_official,32,10M,300,msspacev,100,500,97.6,135,513.4,21392.4,48
2024-08-02 05:41:18.895,hnsw_official,32,10M,500,msspacev,1,1,33.7,4880,13.8,336.0,48
2024-08-02 05:41:19.046,hnsw_official,32,10M,500,msspacev,1,5,67.6,4217,19.7,597.1,48
2024-08-02 05:41:19.264,hnsw_official,32,10M,500,msspacev,1,10,78.5,2880,25.2,835.3,48
2024-08-02 05:41:19.602,hnsw_official,32,10M,500,msspacev,1,20,86.3,1833,35.4,1278.4,48
2024-08-02 05:41:20.056,hnsw_official,32,10M,500,msspacev,1,30,90.0,1360,45.3,1714.2,48
2024-08-02 05:41:20.732,hnsw_official,32,10M,500,msspacev,1,50,93.4,911,65.2,2584.9,48
2024-08-02 05:41:21.620,hnsw_official,32,10M,500,msspacev,1,70,95.1,691,85.0,3458.9,48
2024-08-02 05:41:22.718,hnsw_official,32,10M,500,msspacev,1,90,96.0,559,104.8,4332.5,48
2024-08-02 05:41:23.917,hnsw_official,32,10M,500,msspacev,1,100,96.4,511,114.7,4769.2,48
2024-08-02 05:41:26.121,hnsw_official,32,10M,500,msspacev,1,200,98.1,277,214.1,9164.4,48
2024-08-02 05:41:29.271,hnsw_official,32,10M,500,msspacev,1,300,98.6,194,313.8,13573.2,48
2024-08-02 05:41:33.325,hnsw_official,32,10M,500,msspacev,1,400,98.9,150,413.5,17981.2,48
2024-08-02 05:41:38.249,hnsw_official,32,10M,500,msspacev,1,500,99.0,124,513.4,22392.2,48
2024-08-02 05:41:38.464,hnsw_official,32,10M,500,msspacev,10,10,74.5,2954,25.2,835.3,48
2024-08-02 05:41:38.792,hnsw_official,32,10M,500,msspacev,10,20,84.2,1903,35.4,1278.4,48
2024-08-02 05:41:39.228,hnsw_official,32,10M,500,msspacev,10,30,88.4,1426,45.3,1714.2,48
2024-08-02 05:41:39.875,hnsw_official,32,10M,500,msspacev,10,50,92.4,956,65.2,2584.9,48
2024-08-02 05:41:40.727,hnsw_official,32,10M,500,msspacev,10,70,94.4,723,85.0,3458.9,48
2024-08-02 05:41:41.779,hnsw_official,32,10M,500,msspacev,10,90,95.6,585,104.8,4332.5,48
2024-08-02 05:41:42.923,hnsw_official,32,10M,500,msspacev,10,100,96.0,537,114.7,4769.2,48
2024-08-02 05:41:45.030,hnsw_official,32,10M,500,msspacev,10,200,97.9,291,214.1,9164.4,48
2024-08-02 05:41:48.059,hnsw_official,32,10M,500,msspacev,10,300,98.5,202,313.8,13573.2,48
2024-08-02 05:41:52.002,hnsw_official,32,10M,500,msspacev,10,400,98.8,156,413.5,17981.2,48
2024-08-02 05:41:56.792,hnsw_official,32,10M,500,msspacev,10,500,99.0,127,513.4,22392.2,48
2024-08-02 05:41:58.057,hnsw_official,32,10M,500,msspacev,100,100,89.9,544,114.7,4769.2,48
2024-08-02 05:42:00.251,hnsw_official,32,10M,500,msspacev,100,200,94.9,295,214.1,9164.4,48
2024-08-02 05:42:03.358,hnsw_official,32,10M,500,msspacev,100,300,96.6,204,313.8,13573.2,48
2024-08-02 05:42:07.356,hnsw_official,32,10M,500,msspacev,100,400,97.4,157,413.5,17981.2,48
2024-08-02 05:42:12.241,hnsw_official,32,10M,500,msspacev,100,500,97.9,128,513.4,22392.2,48
2024-08-02 07:19:16.125,hnsw_official,32,1M,100,text2image,1,1,17.9,9450,10.6,233.9,48
2024-08-02 07:19:16.652,hnsw_official,32,1M,100,text2image,1,5,49.6,4080,17.1,414.1,48
2024-08-02 07:19:17.430,hnsw_official,32,1M,100,text2image,1,10,64.0,2790,22.8,569.1,48
2024-08-02 07:19:18.570,hnsw_official,32,1M,100,text2image,1,20,75.8,1850,33.2,842.6,48
2024-08-02 07:19:20.058,hnsw_official,32,1M,100,text2image,1,30,81.5,1413,43.4,1107.1,48
2024-08-02 07:19:22.182,hnsw_official,32,1M,100,text2image,1,50,87.4,986,63.5,1633.3,48
2024-08-02 07:19:24.943,hnsw_official,32,1M,100,text2image,1,70,90.3,758,83.7,2159.6,48
2024-08-02 07:19:27.888,hnsw_official,32,1M,100,text2image,1,90,92.2,710,103.8,2686.3,48
2024-08-02 07:19:30.859,hnsw_official,32,1M,100,text2image,1,100,92.9,704,113.8,2949.0,48
2024-08-02 07:19:36.058,hnsw_official,32,1M,100,text2image,1,200,96.3,403,214.0,5578.4,48
2024-08-02 07:19:43.322,hnsw_official,32,1M,100,text2image,1,300,97.6,287,314.0,8213.6,48
2024-08-02 07:19:52.362,hnsw_official,32,1M,100,text2image,1,400,98.3,230,414.0,10855.3,48
2024-08-02 07:20:02.854,hnsw_official,32,1M,100,text2image,1,500,98.7,199,513.8,13498.2,48
2024-08-02 07:20:03.455,hnsw_official,32,1M,100,text2image,10,10,58.0,3607,22.8,569.1,48
2024-08-02 07:20:04.356,hnsw_official,32,1M,100,text2image,10,20,71.2,2383,33.2,842.6,48
2024-08-02 07:20:05.522,hnsw_official,32,1M,100,text2image,10,30,77.8,1824,43.4,1107.1,48
2024-08-02 07:20:07.187,hnsw_official,32,1M,100,text2image,10,50,84.8,1269,63.5,1633.3,48
2024-08-02 07:20:09.322,hnsw_official,32,1M,100,text2image,10,70,88.4,986,83.7,2159.6,48
2024-08-02 07:20:11.912,hnsw_official,32,1M,100,text2image,10,90,90.7,811,103.8,2686.3,48
2024-08-02 07:20:14.719,hnsw_official,32,1M,100,text2image,10,100,91.5,748,113.8,2949.0,48
2024-08-02 07:20:19.605,hnsw_official,32,1M,100,text2image,10,200,95.7,428,214.0,5578.4,48
2024-08-02 07:20:26.433,hnsw_official,32,1M,100,text2image,10,300,97.2,306,314.0,8213.6,48
2024-08-02 07:20:35.127,hnsw_official,32,1M,100,text2image,10,400,98.0,240,414.0,10855.3,48
2024-08-02 07:20:45.666,hnsw_official,32,1M,100,text2image,10,500,98.5,198,513.8,13498.2,48
2024-08-02 07:20:49.070,hnsw_official,32,1M,100,text2image,100,100,84.4,745,113.8,2949.0,48
2024-08-02 07:20:54.517,hnsw_official,32,1M,100,text2image,100,200,92.0,428,214.0,5578.4,48
2024-08-02 07:21:01.919,hnsw_official,32,1M,100,text2image,100,300,94.9,305,314.0,8213.6,48
2024-08-02 07:21:11.179,hnsw_official,32,1M,100,text2image,100,400,96.4,240,414.0,10855.3,48
2024-08-02 07:21:22.258,hnsw_official,32,1M,100,text2image,100,500,97.2,198,513.8,13498.2,48
2024-08-02 08:12:33.726,hnsw_official,32,1M,300,text2image,1,1,21.1,7940,10.8,264.8,48
2024-08-02 08:12:34.364,hnsw_official,32,1M,300,text2image,1,5,55.8,3350,16.9,472.9,48
2024-08-02 08:12:35.287,hnsw_official,32,1M,300,text2image,1,10,70.0,2298,22.4,654.6,48
2024-08-02 08:12:36.678,hnsw_official,32,1M,300,text2image,1,20,81.4,1512,32.4,982.0,48
2024-08-02 08:12:38.499,hnsw_official,32,1M,300,text2image,1,30,86.5,1153,42.3,1303.2,48
2024-08-02 08:12:41.148,hnsw_official,32,1M,300,text2image,1,50,91.3,791,62.1,1949.6,48
2024-08-02 08:12:44.612,hnsw_official,32,1M,300,text2image,1,70,93.6,604,82.0,2601.0,48
2024-08-02 08:12:48.794,hnsw_official,32,1M,300,text2image,1,90,95.0,499,101.9,3253.2,48
2024-08-02 08:12:53.347,hnsw_official,32,1M,300,text2image,1,100,95.5,459,111.8,3580.4,48
2024-08-02 08:13:01.383,hnsw_official,32,1M,300,text2image,1,200,97.9,260,211.5,6870.8,48
2024-08-02 08:13:12.728,hnsw_official,32,1M,300,text2image,1,300,98.7,184,311.3,10185.3,48
2024-08-02 08:13:27.241,hnsw_official,32,1M,300,text2image,1,400,99.1,143,411.0,13511.6,48
2024-08-02 08:13:44.775,hnsw_official,32,1M,300,text2image,1,500,99.4,118,511.0,16855.4,48
2024-08-02 08:13:45.702,hnsw_official,32,1M,300,text2image,10,10,63.5,2307,22.4,654.6,48
2024-08-02 08:13:47.107,hnsw_official,32,1M,300,text2image,10,20,76.5,1510,32.4,982.0,48
2024-08-02 08:13:48.948,hnsw_official,32,1M,300,text2image,10,30,82.8,1146,42.3,1303.2,48
2024-08-02 08:13:51.620,hnsw_official,32,1M,300,text2image,10,50,88.9,787,62.1,1949.6,48
2024-08-02 08:13:55.081,hnsw_official,32,1M,300,text2image,10,70,92.0,606,82.0,2601.0,48
2024-08-02 08:13:59.305,hnsw_official,32,1M,300,text2image,10,90,93.8,496,101.9,3253.2,48
2024-08-02 08:14:03.900,hnsw_official,32,1M,300,text2image,10,100,94.4,456,111.8,3580.4,48
2024-08-02 08:14:11.912,hnsw_official,32,1M,300,text2image,10,200,97.5,260,211.5,6870.8,48
2024-08-02 08:14:21.315,hnsw_official,32,1M,300,text2image,10,300,98.5,222,311.3,10185.3,48
2024-08-02 08:14:33.289,hnsw_official,32,1M,300,text2image,10,400,99.0,174,411.0,13511.6,48
2024-08-02 08:14:47.807,hnsw_official,32,1M,300,text2image,10,500,99.3,143,511.0,16855.4,48
2024-08-02 08:14:52.194,hnsw_official,32,1M,300,text2image,100,100,88.4,549,111.8,3580.4,48
2024-08-02 08:14:59.456,hnsw_official,32,1M,300,text2image,100,200,94.7,311,211.5,6870.8,48
2024-08-02 08:15:09.421,hnsw_official,32,1M,300,text2image,100,300,96.9,221,311.3,10185.3,48
2024-08-02 08:15:21.980,hnsw_official,32,1M,300,text2image,100,400,97.9,173,411.0,13511.6,48
2024-08-02 08:15:36.837,hnsw_official,32,1M,300,text2image,100,500,98.5,145,511.0,16855.4,48
2024-08-02 09:44:02.254,hnsw_official,32,1M,500,text2image,1,1,21.4,7613,10.6,269.5,48
2024-08-02 09:44:02.927,hnsw_official,32,1M,500,text2image,1,5,56.8,3174,16.7,488.1,48
2024-08-02 09:44:03.901,hnsw_official,32,1M,500,text2image,1,10,71.3,2175,22.2,679.6,48
2024-08-02 09:44:05.380,hnsw_official,32,1M,500,text2image,1,20,82.6,1421,32.1,1025.3,48
2024-08-02 09:44:07.361,hnsw_official,32,1M,500,text2image,1,30,87.5,1058,41.9,1366.2,48
2024-08-02 09:44:10.207,hnsw_official,32,1M,500,text2image,1,50,92.1,736,61.7,2052.4,48
2024-08-02 09:44:13.904,hnsw_official,32,1M,500,text2image,1,70,94.3,566,81.5,2743.7,48
2024-08-02 09:44:18.425,hnsw_official,32,1M,500,text2image,1,90,95.7,462,101.4,3438.6,48
2024-08-02 09:44:23.353,hnsw_official,32,1M,500,text2image,1,100,96.2,425,111.3,3787.0,48
2024-08-02 09:44:32.061,hnsw_official,32,1M,500,text2image,1,200,98.3,239,210.9,7292.3,48
2024-08-02 09:44:44.325,hnsw_official,32,1M,500,text2image,1,300,99.0,170,310.7,10822.0,48
2024-08-02 09:44:59.920,hnsw_official,32,1M,500,text2image,1,400,99.3,133,410.4,14367.2,48
2024-08-02 09:45:18.797,hnsw_official,32,1M,500,text2image,1,500,99.5,110,510.2,17924.7,48
2024-08-02 09:45:19.775,hnsw_official,32,1M,500,text2image,10,10,64.6,2181,22.2,679.6,48
2024-08-02 09:45:21.263,hnsw_official,32,1M,500,text2image,10,20,77.7,1423,32.1,1025.3,48
2024-08-02 09:45:23.221,hnsw_official,32,1M,500,text2image,10,30,83.8,1077,41.9,1366.2,48
2024-08-02 09:45:26.071,hnsw_official,32,1M,500,text2image,10,50,89.9,737,61.7,2052.4,48
2024-08-02 09:45:29.773,hnsw_official,32,1M,500,text2image,10,70,92.7,566,81.5,2743.7,48
2024-08-02 09:45:34.298,hnsw_official,32,1M,500,text2image,10,90,94.5,463,101.4,3438.6,48
2024-08-02 09:45:39.220,hnsw_official,32,1M,500,text2image,10,100,95.1,425,111.3,3787.0,48
2024-08-02 09:45:47.374,hnsw_official,32,1M,500,text2image,10,200,97.9,256,210.9,7292.3,48
2024-08-02 09:45:57.447,hnsw_official,32,1M,500,text2image,10,300,98.8,207,310.7,10822.0,48
2024-08-02 09:46:10.318,hnsw_official,32,1M,500,text2image,10,400,99.2,162,410.4,14367.2,48
2024-08-02 09:46:25.890,hnsw_official,32,1M,500,text2image,10,500,99.5,134,510.2,17924.7,48
2024-08-02 09:46:30.548,hnsw_official,32,1M,500,text2image,100,100,89.3,512,111.3,3787.0,48
2024-08-02 09:46:38.320,hnsw_official,32,1M,500,text2image,100,200,95.3,289,210.9,7292.3,48
2024-08-02 09:46:48.991,hnsw_official,32,1M,500,text2image,100,300,97.4,206,310.7,10822.0,48
2024-08-02 09:47:02.449,hnsw_official,32,1M,500,text2image,100,400,98.3,161,410.4,14367.2,48
2024-08-02 09:47:18.358,hnsw_official,32,1M,500,text2image,100,500,98.8,135,510.2,17924.7,48
2024-08-02 07:37:57.951,hnsw_official,32,10M,100,text2image,1,1,11.4,6508,12.9,234.2,48
2024-08-02 07:37:58.644,hnsw_official,32,10M,100,text2image,1,5,37.4,3079,20.0,437.6,48
2024-08-02 07:37:59.670,hnsw_official,32,10M,100,text2image,1,10,51.1,2062,26.3,612.6,48
2024-08-02 07:38:01.217,hnsw_official,32,10M,100,text2image,1,20,63.6,1358,37.2,909.6,48
2024-08-02 07:38:03.225,hnsw_official,32,10M,100,text2image,1,30,70.0,1044,47.6,1189.0,48
2024-08-02 07:38:06.075,hnsw_official,32,10M,100,text2image,1,50,77.1,734,68.0,1736.1,48
2024-08-02 07:38:09.703,hnsw_official,32,10M,100,text2image,1,70,81.2,576,88.4,2279.3,48
2024-08-02 07:38:14.101,hnsw_official,32,10M,100,text2image,1,90,83.8,475,108.7,2820.1,48
2024-08-02 07:38:18.796,hnsw_official,32,10M,100,text2image,1,100,84.8,445,118.8,3089.7,48
2024-08-02 07:38:26.896,hnsw_official,32,10M,100,text2image,1,200,90.4,257,220.2,5783.0,48
2024-08-02 07:38:38.076,hnsw_official,32,10M,100,text2image,1,300,92.9,186,321.3,8464.9,48
2024-08-02 07:38:52.139,hnsw_official,32,10M,100,text2image,1,400,94.3,148,422.3,11143.9,48
2024-08-02 07:39:08.955,hnsw_official,32,10M,100,text2image,1,500,95.3,124,523.0,13813.9,48
2024-08-02 07:39:09.944,hnsw_official,32,10M,100,text2image,10,10,45.8,2163,26.3,612.6,48
2024-08-02 07:39:11.410,hnsw_official,32,10M,100,text2image,10,20,58.9,1447,37.2,909.6,48
2024-08-02 07:39:13.302,hnsw_official,32,10M,100,text2image,10,30,66.1,1116,47.6,1189.0,48
2024-08-02 07:39:15.983,hnsw_official,32,10M,100,text2image,10,50,74.1,784,68.0,1736.1,48
2024-08-02 07:39:19.410,hnsw_official,32,10M,100,text2image,10,70,78.7,613,88.4,2279.3,48
2024-08-02 07:39:23.551,hnsw_official,32,10M,100,text2image,10,90,81.7,506,108.7,2820.1,48
2024-08-02 07:39:28.048,hnsw_official,32,10M,100,text2image,10,100,82.9,467,118.8,3089.7,48
2024-08-02 07:39:35.815,hnsw_official,32,10M,100,text2image,10,200,89.4,269,220.2,5783.0,48
2024-08-02 07:39:46.640,hnsw_official,32,10M,100,text2image,10,300,92.2,193,321.3,8464.9,48
2024-08-02 07:40:00.364,hnsw_official,32,10M,100,text2image,10,400,93.9,152,422.3,11143.9,48
2024-08-02 07:40:16.897,hnsw_official,32,10M,100,text2image,10,500,94.9,126,523.0,13813.9,48
2024-08-02 07:40:21.972,hnsw_official,32,10M,100,text2image,100,100,75.1,471,118.8,3089.7,48
2024-08-02 07:40:30.268,hnsw_official,32,10M,100,text2image,100,200,84.6,271,220.2,5783.0,48
2024-08-02 07:40:41.582,hnsw_official,32,10M,100,text2image,100,300,88.9,194,321.3,8464.9,48
2024-08-02 07:40:55.789,hnsw_official,32,10M,100,text2image,100,400,91.3,153,422.3,11143.9,48
2024-08-02 07:41:12.876,hnsw_official,32,10M,100,text2image,100,500,92.8,126,523.0,13813.9,48
2024-08-02 08:44:40.236,hnsw_official,32,10M,300,text2image,1,1,14.3,5297,13.4,278.6,48
2024-08-02 08:44:41.086,hnsw_official,32,10M,300,text2image,1,5,43.6,2504,20.1,517.3,48
2024-08-02 08:44:42.335,hnsw_official,32,10M,300,text2image,1,10,58.0,1691,26.1,724.2,48
2024-08-02 08:44:44.228,hnsw_official,32,10M,300,text2image,1,20,70.7,1109,36.6,1081.7,48
2024-08-02 08:44:46.696,hnsw_official,32,10M,300,text2image,1,30,76.8,849,46.7,1422.5,48
2024-08-02 08:44:50.234,hnsw_official,32,10M,300,text2image,1,50,83.1,591,66.7,2098.5,48
2024-08-02 08:44:54.774,hnsw_official,32,10M,300,text2image,1,70,86.6,460,86.8,2776.9,48
2024-08-02 08:45:00.293,hnsw_official,32,10M,300,text2image,1,90,88.8,378,106.9,3455.4,48
2024-08-02 08:45:06.199,hnsw_official,32,10M,300,text2image,1,100,89.7,353,116.9,3795.4,48
2024-08-02 08:45:16.487,hnsw_official,32,10M,300,text2image,1,200,94.0,202,217.5,7196.0,48
2024-08-02 08:45:30.739,hnsw_official,32,10M,300,text2image,1,300,95.8,146,318.0,10597.2,48
2024-08-02 08:45:48.671,hnsw_official,32,10M,300,text2image,1,400,96.7,116,418.2,13996.4,48
2024-08-02 08:46:10.141,hnsw_official,32,10M,300,text2image,1,500,97.3,97,518.4,17400.4,48
2024-08-02 08:46:11.332,hnsw_official,32,10M,300,text2image,10,10,52.0,1787,26.1,724.2,48
2024-08-02 08:46:13.113,hnsw_official,32,10M,300,text2image,10,20,65.6,1188,36.6,1081.7,48
2024-08-02 08:46:15.424,hnsw_official,32,10M,300,text2image,10,30,72.7,912,46.7,1422.5,48
2024-08-02 08:46:18.731,hnsw_official,32,10M,300,text2image,10,50,80.2,635,66.7,2098.5,48
2024-08-02 08:46:22.993,hnsw_official,32,10M,300,text2image,10,70,84.4,492,86.8,2776.9,48
2024-08-02 08:46:28.162,hnsw_official,32,10M,300,text2image,10,90,87.0,404,106.9,3455.4,48
2024-08-02 08:46:33.783,hnsw_official,32,10M,300,text2image,10,100,88.0,372,116.9,3795.4,48
2024-08-02 08:46:43.630,hnsw_official,32,10M,300,text2image,10,200,93.2,212,217.5,7196.0,48
2024-08-02 08:46:57.430,hnsw_official,32,10M,300,text2image,10,300,95.3,151,318.0,10597.2,48
2024-08-02 08:47:14.944,hnsw_official,32,10M,300,text2image,10,400,96.4,119,418.2,13996.4,48
2024-08-02 08:47:36.055,hnsw_official,32,10M,300,text2image,10,500,97.1,98,518.4,17400.4,48
2024-08-02 08:47:42.241,hnsw_official,32,10M,300,text2image,100,100,80.7,375,116.9,3795.4,48
2024-08-02 08:47:52.595,hnsw_official,32,10M,300,text2image,100,200,89.2,213,217.5,7196.0,48
2024-08-02 08:48:06.843,hnsw_official,32,10M,300,text2image,100,300,92.7,152,318.0,10597.2,48
2024-08-02 08:48:24.832,hnsw_official,32,10M,300,text2image,100,400,94.5,119,418.2,13996.4,48
2024-08-02 08:48:46.468,hnsw_official,32,10M,300,text2image,100,500,95.6,99,518.4,17400.4,48
2024-08-02 10:28:07.686,hnsw_official,32,10M,500,text2image,1,1,14.8,4814,13.4,288.2,48
2024-08-02 10:28:08.591,hnsw_official,32,10M,500,text2image,1,5,44.9,2346,20.0,536.3,48
2024-08-02 10:28:09.922,hnsw_official,32,10M,500,text2image,1,10,59.5,1585,25.9,753.2,48
2024-08-02 10:28:11.929,hnsw_official,32,10M,500,text2image,1,20,72.2,1045,36.3,1128.8,48
2024-08-02 10:28:14.554,hnsw_official,32,10M,500,text2image,1,30,78.3,797,46.3,1489.7,48
2024-08-02 10:28:18.332,hnsw_official,32,10M,500,text2image,1,50,84.5,553,66.2,2208.0,48
2024-08-02 10:28:23.233,hnsw_official,32,10M,500,text2image,1,70,87.8,426,86.2,2928.7,48
2024-08-02 10:28:29.115,hnsw_official,32,10M,500,text2image,1,90,89.8,355,106.3,3649.9,48
2024-08-02 10:28:35.454,hnsw_official,32,10M,500,text2image,1,100,90.7,329,116.3,4011.2,48
2024-08-02 10:28:46.534,hnsw_official,32,10M,500,text2image,1,200,94.8,188,216.7,7630.3,48
2024-08-02 10:29:01.871,hnsw_official,32,10M,500,text2image,1,300,96.3,136,317.1,11258.4,48
2024-08-02 10:29:21.225,hnsw_official,32,10M,500,text2image,1,400,97.2,107,417.3,14885.2,48
2024-08-02 10:29:44.417,hnsw_official,32,10M,500,text2image,1,500,97.7,89,517.4,18516.4,48
2024-08-02 10:29:45.675,hnsw_official,32,10M,500,text2image,10,10,53.3,1689,25.9,753.2,48
2024-08-02 10:29:47.560,hnsw_official,32,10M,500,text2image,10,20,66.9,1121,36.3,1128.8,48
2024-08-02 10:29:50.017,hnsw_official,32,10M,500,text2image,10,30,74.0,856,46.3,1489.7,48
2024-08-02 10:29:53.549,hnsw_official,32,10M,500,text2image,10,50,81.5,594,66.2,2208.0,48
2024-08-02 10:29:58.109,hnsw_official,32,10M,500,text2image,10,70,85.6,459,86.2,2928.7,48
2024-08-02 10:30:03.655,hnsw_official,32,10M,500,text2image,10,90,88.1,377,106.3,3649.9,48
2024-08-02 10:30:09.690,hnsw_official,32,10M,500,text2image,10,100,89.1,347,116.3,4011.2,48
2024-08-02 10:30:20.293,hnsw_official,32,10M,500,text2image,10,200,94.0,197,216.7,7630.3,48
2024-08-02 10:30:35.153,hnsw_official,32,10M,500,text2image,10,300,95.9,140,317.1,11258.4,48
2024-08-02 10:30:54.058,hnsw_official,32,10M,500,text2image,10,400,96.9,110,417.3,14885.2,48
2024-08-02 10:31:16.857,hnsw_official,32,10M,500,text2image,10,500,97.5,91,517.4,18516.4,48
2024-08-02 10:31:23.454,hnsw_official,32,10M,500,text2image,100,100,82.0,349,116.3,4011.2,48
2024-08-02 10:31:34.562,hnsw_official,32,10M,500,text2image,100,200,90.2,198,216.7,7630.3,48
2024-08-02 10:31:49.898,hnsw_official,32,10M,500,text2image,100,300,93.4,141,317.1,11258.4,48
2024-08-02 10:32:09.325,hnsw_official,32,10M,500,text2image,100,400,95.1,110,417.3,14885.2,48
2024-08-02 10:32:32.633,hnsw_official,32,10M,500,text2image,100,500,96.2,91,517.4,18516.4,48
